학년도,년도,월,날짜,일정명
2010,2011,1,01.03 (월) ~ 01.04 (화),계절학기 접수
2010,2011,1,01.03 (월),신년 하례식 및 시무식(11:00)
2010,2011,1,01.05 (수) ~ 01.07 (금),전과/학점 및 학기포기신청(재학생)
2010,2011,1,01.06 (목) ~ 01.19 (수),계절학기 설강
2010,2011,1,01.21 (금),성적표/등록금고지서/복학안내문 발송
2010,2011,1,01.24 (월),"1학기 수강신청 : 1학년, 학사학위전공심화과정"
2010,2011,1,01.28 (금),졸업/진급/입학사정회(교무위원회) (10:00)
2010,2011,1,01.31 (월),정시모집 합격자 발표
2010,2011,2,02.02 (수) ~ 02.04 (금),설날연휴
2010,2011,2,02.07 (월) ~ 02.09 (수),"등록/휴학원서 접수(재학생, 복학생)"
2010,2011,2,02.07 (월) ~ 02.09 (수),신입생 최종 등록
2010,2011,2,02.10 (목) ~ 02.11 (금),복학신청
2010,2011,2,02.14 (월),신입생 전체 0T
2010,2011,2,02.15 (화) ~ 02.16 (수),"1학기 수강신청(재학생, 복학생) : 2학년, 3학년"
2010,2011,2,02.18 (금),제42회 졸업식(14:00)
2011,2011,3,03.01 (화),삼일절
2011,2011,3,03.02 (수),"개강, 입학식(11:00)"
2011,2011,3,03.09 (수) ~ 03.10 (목),수강신청 정정기간
2011,2011,3,03.14 (월) ~ 03.16 (수),조기졸업신청기간
2011,2011,3,03.31 (목),학기 개시 30일
2011,2011,4,04.20 (수) ~ 04.26 (화),중간고사
2011,2011,4,04.30 (토),학기 개시 30일()
2011,2011,5,05.05 (목),"어린이날, => 보강일 : 6/9(목)"
2011,2011,5,05.10 (화),"석가탄신일, => 보강일 : 6/8(수)"
2011,2011,5,05.20 (금),"개교기념일, => 보강일 : 6/10(금)"
2011,2011,5,05.23 (월) ~ 05.25 (수),3년제 학과 수업년한 연장신청
2011,2011,5,05.24 (화),1학기 수업일수 3/4 및 일반휴학 종료일
2011,2011,5,05.30 (월),학기 개시 90일
2011,2011,6,06.06 (월),"현충일, => 보강일 : 6/13(월)"
2011,2011,6,06.14 (화) ~ 06.20 (월),학기말고사
2011,2011,6,06.15 (수) ~ 06.27 (월),성적입력기간
2011,2011,6,06.21 (화) ~ 06.30 (목),강의평가
2011,2011,6,06.21 (화) ~ 08.31 (수),하계방학 및 현장실습 기간
2011,2011,6,06.28 (화) ~ 06.30 (목),성적열람 및 이의신청기간
2011,2011,6,06.30 (목),1학기 성적 확정일
2011,2011,7,07.04 (월) ~ 07.05 (화),계절학기 수강신청기간
2011,2011,7,07.04 (월) ~ 07.06 (수),전과/학점·학기포기 신청기간(재학생)
2011,2011,7,07.07 (목) ~ 07.20 (수),계절학기 설강기간
2011,2011,7,07.15 (금),성적표/등록금고지서/복학안내문 발송
2011,2011,8,08.08 (월) ~ 08.10 (수),"등록/휴학원서 접수기간(재학생, 복학생)"
2011,2011,8,08.11 (목) ~ 08.12 (금),복학원서접수기간
2011,2011,8,08.12 (금),후기졸업사정회(교무위원회) (오전 11시)
2011,2011,8,08.15 (월),광복절
2011,2011,8,08.17 (수) ~ 08.18 (목),"학기 수강신청기간(2, 3학년)"
2011,2011,8,08.19 (금),후기졸업일
2011,2011,8,08.22 (월) ~ 08.23 (화),"2학기 수강신청기간(1학년, 학사학위전공심화과정)"
2011,2011,9,09.01 (목),2학기 개강
2011,2011,9,09.08 (목) ~ 09.09 (금),수강신청 정정기간
2011,2011,9,09.08 (목) ~ 09.09 (금),수시 1차 모집 원서접수기간
2011,2011,9,09.12 (월) ~ 09.13 (화),"추석연휴, 12(월) => 보강일 : 12/8(목), 13(화) => 보강일 : 12/9(금)"
2011,2011,9,09.30 (금),학기 개시 30일
2011,2011,10,10.03 (월),"개천절, => 보강일 : 12/12"
2011,2011,10,10.11 (화) ~ 10.14 (금),제29회 학생졸업작품 전시회
2011,2011,10,10.14 (금),수시 1차 모집 합격자 발표
2011,2011,10,10.20 (목) ~ 10.26 (수),중간고사기간
2011,2011,10,10.31 (월) ~ 11.19 (토),수시 2차 모집 원서접수기간
2011,2011,11,11.14 (월) ~ 11.16 (수),실기교사 자격증 신청기간
2011,2011,11,11.23 (수),2학기 수업일수 3/4 및 일반휴학 종료일
2011,2011,11,11.29 (화),학기 개시 90일
2011,2011,12,12.09 (금),수시 2차 모집 합격자 발표
2011,2011,12,12.12 (월) ~ 12.14 (수),수시모집 예치금 등록기간
2011,2011,12,12.13 (화) ~ 12.19 (월),학기말고사
2011,2011,12,12.15 (목) ~ 12.27 (화),성적입력기간
2011,2011,12,12.20 (화) ~ 02.29 (수),동계 방학 및 현장실습기간
2011,2011,12,12.20 (화) ~ 12.30 (금),강의평가기간
2011,2011,12,12.23 (금) ~ 01.06 (금),정시모집 원서접수기간
2011,2011,12,12.28 (수) ~ 12.30 (금),성적열람 및 이의신청기간
2011,2011,12,12.30 (금),2학기 성적 확정일
2011,2012,1,01.02 (월) ~ 01.03 (화),계절학기 수강신청기간
2011,2012,1,01.02 (월),신년 하례식 및 시무식 (오전 11시)
2011,2012,1,01.04 (수) ~ 01.06 (금),전과/학점·학기포기 신청기간 (재학생)
2011,2012,1,01.05 (목) ~ 01.18 (수),계절학기 설강기간
2011,2012,1,01.20 (금),성적표/등록금고지서/복학안내문 발송
2011,2012,1,01.22 (일) ~ 01.24 (화),설날연휴
2011,2012,1,01.27 (금),졸업사정·진급사정·입학사정(교무위원회) (오전 10시)
2011,2012,1,01.30 (월),정시모집 합격자 발표
2011,2012,2,02.01 (수) ~ 02.03 (금),신입생 최종 등록
2011,2012,2,02.06 (월) ~ 02.08 (수),"등록/휴학원서 접수기간 (재학생, 복학생)"
2011,2012,2,02.09 (목) ~ 02.10 (금),복학원서 접수기간
2011,2012,2,02.14 (화),신입생 전체 OT
2011,2012,2,02.15 (수) ~ 02.16 (목),"1학기 수강신청기간 (2, 3학년)"
2011,2012,2,02.17 (금),제43회 졸업식 (오후 2시)
2011,2012,2,02.20 (월) ~ 02.21 (화),"1학기 수강신청기간(1학년, 학사학위전공심화과정)"
2012,2012,3,03.01 (목),삼일절
2012,2012,3,03.02 (금),"개강, 입학식 [11:00]"
2012,2012,3,03.09 (금) ~ 03.12 (월),수강신청 정정기간
2012,2012,3,03.14 (수) ~ 03.16 (금),조기졸업신청 기간
2012,2012,3,03.31 (토),학기 개시 30일
2012,2012,4,04.11 (수),제19대 국회의원선거일
2012,2012,4,04.20 (금) ~ 04.26 (목),중간고사
2012,2012,4,04.30 (월),학기 개시 60일
2012,2012,5,05.05 (토),어린이날
2012,2012,5,05.20 (일),개교기념일
2012,2012,5,05.22 (화),"1학기 수업일수 3/4, 일반휴학 종료일"
2012,2012,5,05.23 (수) ~ 05.25 (금),3년제 학과 수업년한 연장신청
2012,2012,5,05.28 (월),석가탄신일
2012,2012,5,05.30 (수),학기 개시 90일
2012,2012,6,06.06 (수),현충일
2012,2012,6,06.08 (금),[보강일] 국회의원 선거일 4/11(수) -> 6/8(금)
2012,2012,6,06.11 (월),[보강일] 석가탄신일 5/28(월) -> 6/11(월)
2012,2012,6,06.12 (화),[보강일] 현충일 6/6(수) -> 6/12(화)
2012,2012,6,06.13 (수) ~ 06.25 (월),성적입력 기간
2012,2012,6,06.13 (수) ~ 06.19 (화),학기말고사
2012,2012,6,06.20 (수) ~ 06.29 (금),강의평가
2012,2012,6,06.20 (수) ~ 08.31 (금),하계방학 및 현장실습
2012,2012,6,06.26 (화) ~ 06.28 (목),성적열람 및 이의신청기간
2012,2012,6,06.29 (금),1학기 성적 확정일
2012,2012,7,07.04 (수) ~ 07.06 (금),전과/학점·학기포기신청(재학생)
2012,2012,7,07.04 (수) ~ 07.05 (목),계절학기 수강신청
2012,2012,7,07.09 (월) ~ 07.20 (금),계절학기 설강
2012,2012,7,07.20 (금),성적표/등록금고지서/복학안내문 발송
2012,2012,8,08.06 (월) ~ 08.08 (수),"등록/휴학원서 접수(재학생,복학생)"
2012,2012,8,08.09 (목) ~ 08.10 (금),복학원서접수
2012,2012,8,08.10 (금),후기졸업사정회(교무위원회) ][11:00]
2012,2012,8,08.15 (수),광복절
2012,2012,8,08.16 (목) ~ 08.17 (금),"2학기 수강신청(2,3학년)"
2012,2012,8,08.17 (금),후기졸업일
2012,2012,8,08.20 (월) ~ 08.21 (화),2학기 수강신청(1학년)
2012,2012,9,09.03 (월),2학기 개강
2012,2012,9,09.06 (목) ~ 09.21 (금),수시 1차 모집 원서접수
2012,2012,9,09.10 (월) ~ 09.11 (화),수강신청 정정기간
2012,2012,9,09.29 (토) ~ 10.01 (월),추석연휴
2012,2012,10,10.02 (화),학기 개시 30일
2012,2012,10,10.03 (수),개천절
2012,2012,10,10.09 (화) ~ 10.12 (금),제30회 학생졸업작품 전시회
2012,2012,10,10.12 (금),수시 1차 모집 합격자 발표
2012,2012,10,10.22 (월) ~ 10.26 (금),중간고사
2012,2012,10,10.29 (월) ~ 11.17 (토),수시 2차 모집 원서접수
2012,2012,11,11.01 (목),학기 개시 60일
2012,2012,11,11.14 (수) ~ 11.16 (금),실기교사 자격증 신청
2012,2012,11,11.22 (목),2학기 수업일수 3/4 및 일반휴학 종료일
2012,2012,12,12.01 (토),학기 개시 90일
2012,2012,12,12.07 (금),수시 2차 모집 합격자 발표
2012,2012,12,12.10 (월),[보강일] 추석연휴 10/1(월) -> 12/10(월)
2012,2012,12,12.11 (화),[보강일] 개천절 10/3(수) -> 12/11(화)
2012,2012,12,12.12 (수) ~ 12.14 (금),수시모집 예치금 등록
2012,2012,12,12.12 (수) ~ 12.18 (화),학기말고사
2012,2012,12,12.12 (수) ~ 12.26 (수),성적입력 기간
2012,2012,12,12.19 (수),제18대 대통령선거일
2012,2012,12,12.19 (수) ~ 02.28 (목),동계 방학 및 현장실습
2012,2012,12,12.24 (월) ~ 01.05 (토),정시모집 원서접수
2012,2012,12,12.25 (화),성탄절
2012,2012,12,12.26 (수) ~ 12.31 (월),성적열람 및 이의신청기간
2012,2012,12,12.31 (월),2학기 성적 확정일
2012,2013,1,01.02 (수) ~ 01.03 (목),계절학기 수강신청
2012,2013,1,01.02 (수),신년 하례식 및 시무식
2012,2013,1,01.03 (목),복학안내문 발송
2012,2013,1,01.07 (월) ~ 01.18 (금),계절학기 설강
2012,2013,1,01.07 (월) ~ 01.09 (수),전과/학점·학기포기신청(재학생)
2012,2013,1,01.31 (목),졸업·진급·입학사정회(교무위원회)
2012,2013,2,02.01 (금),정시모집 합격자 발표
2012,2013,2,02.04 (월) ~ 02.06 (수),신입생 최종 등록
2012,2013,2,02.04 (월) ~ 02.06 (수),"등록/휴학원서 접수(재학생,복학생)"
2012,2013,2,02.07 (목) ~ 02.08 (금),복학원서접수
2012,2013,2,02.09 (토) ~ 02.11 (월),설날연휴
2012,2013,2,02.13 (수) ~ 02.14 (목),1학기 수강신청(재학생/복학생)
2012,2013,2,02.13 (수),성적표/등록금 고지서 발송
2012,2013,2,02.15 (금),제44회 졸업식
2012,2013,2,02.18 (월) ~ 02.19 (화),재학생. 복학생 등록
2012,2013,2,02.19 (화) ~ 02.20 (수),학기 수강신청 (신입생)
2012,2013,2,02.28 (목),입학식 및 신입생 O.T
2013,2013,3,03.01 (금),삼일절
2013,2013,3,03.04 (월),1학기 개강
2013,2013,3,03.11 (월) ~ 03.12 (화),수강신청 정정기간
2013,2013,3,03.13 (수) ~ 03.15 (금),조기졸업 신청기간
2013,2013,4,04.02 (화),학기 개시 30일
2013,2013,4,04.22 (월) ~ 04.26 (금),중간고사
2013,2013,5,05.02 (목),학기 개시 60일
2013,2013,5,05.05 (일),어린이날
2013,2013,5,05.17 (금),석가탄신일
2013,2013,5,05.20 (월),개교기념일
2013,2013,5,05.22 (수) ~ 05.24 (금),3년제 학과 수업년한 연장신청
2013,2013,5,05.23 (목),"1학기 수업일수 3/4, 일반휴학 종료일"
2013,2013,6,06.01 (토),학기 개시 90일
2013,2013,6,06.06 (목),현충일
2013,2013,6,06.10 (월),[보강일] 개교기념일 5/20(월) => 보강일 : 6/10(월)
2013,2013,6,06.11 (화),[보강일] 석가탄신일 5/17(금) => 보강일 : 6/11(화)
2013,2013,6,06.12 (수),[보강일] 현충일 6/6(목) => 보강일 : 6/12(수)
2013,2013,6,06.13 (목) ~ 06.19 (수),학기말고사
2013,2013,6,06.20 (목) ~ 07.01 (월),강의평가
2013,2013,6,06.20 (목) ~ 08.31 (토),하계방학 및 현장실습
2013,2013,6,06.20 (목) ~ 06.26 (수),성적입력 기간
2013,2013,6,06.27 (목) ~ 07.01 (월),성적열람 및 이의신청기간
2013,2013,7,07.01 (월),1학기 성적 확정일 (18:00)
2013,2013,7,07.03 (수) ~ 07.04 (목),계절학기 수강신청
2013,2013,7,07.03 (수),복학안내문 발송
2013,2013,7,07.03 (수) ~ 07.05 (금),전과/학점/학기포기신청(재학생)
2013,2013,7,07.08 (월) ~ 07.19 (금),계절학기 설강
2013,2013,8,08.05 (월) ~ 08.07 (수),"휴학원서 접수(재학생,복학생)"
2013,2013,8,08.06 (화),성적표/등록금고지서 발송
2013,2013,8,08.08 (목) ~ 08.09 (금),복학원서접수
2013,2013,8,08.12 (월) ~ 08.13 (화),재학생/복학생 등록
2013,2013,8,08.15 (목),광복절
2013,2013,8,08.16 (금),후기졸업일
2013,2013,8,08.19 (월) ~ 08.20 (화),"2학기 수강신청 (2,3학년)"
2013,2013,8,08.22 (목) ~ 08.23 (금),2학기 수강신청 (1학년)
2013,2013,9,09.02 (월),2학기 개강
2013,2013,9,09.04 (수) ~ 09.24 (화),수시 1차 모집 원서접수
2013,2013,9,09.09 (월) ~ 09.10 (화),수강신청 정정기간
2013,2013,9,09.18 (수) ~ 09.20 (금),추석연휴
2013,2013,10,10.01 (화),학기 개시 30일
2013,2013,10,10.03 (목),개천절
2013,2013,10,10.08 (화) ~ 10.11 (금),제31회 학생졸업작품 전시회
2013,2013,10,10.09 (수),한글날
2013,2013,10,10.18 (금),수시 1차 모집 합격자 발표
2013,2013,10,10.21 (월) ~ 10.25 (금),중간고사
2013,2013,10,10.28 (월) ~ 11.16 (토),수시 2차 모집 원서접수
2013,2013,10,10.31 (목),학기 개시 60일
2013,2013,11,11.13 (수) ~ 11.15 (금),실기교사 자격증 신청기간
2013,2013,11,11.26 (화),2학기 수업일수 3/4 및 일반휴학 종료일
2013,2013,11,11.30 (토),학기 개시 90일
2013,2013,12,12.06 (금),수시 2차 모집 합격자 발표
2013,2013,12,12.09 (월),[보강일] 개천절 10/3(목) => 보강일 : 12/9(월)
2013,2013,12,12.09 (월) ~ 12.11 (수),수시모집 예치금 등록
2013,2013,12,12.10 (화),[보강일] 한글날 10/9(수) => 보강일 : 12/10(화)
2013,2013,12,12.11 (수),[보강일] 추석연휴 9/18(수) => 보강일 : 12/11(수)
2013,2013,12,12.12 (목),[보강일] 추석연휴 9/19(목) => 보강일 : 12/12(목)
2013,2013,12,12.13 (금),[보강일] 추석연휴 9/20(금) => 보강일 : 12/13(금)
2013,2013,12,12.16 (월) ~ 12.20 (금),학기말고사
2013,2013,12,12.20 (금) ~ 01.04 (토),정시모집 원서접수
2013,2013,12,12.21 (토) ~ 12.26 (목),성적입력 기간
2013,2013,12,12.21 (토) ~ 12.31 (화),강의평가
2013,2013,12,12.21 (토) ~ 02.28 (금),동계 방학 및 현장실습
2013,2013,12,12.25 (수),성탄절
2013,2013,12,12.27 (금) ~ 12.31 (화),성적열람 및 이의신청기간
2013,2013,12,12.31 (화),2학기 성적 확정일 18:00
2013,2014,1,01.02 (목),신년 하례식 및 시무식
2013,2014,1,01.02 (목) ~ 01.03 (금),계절학기 수강신청
2013,2014,1,01.03 (금),복학안내문 발송
2013,2014,1,01.06 (월) ~ 01.17 (금),계절학기 설강
2013,2014,1,01.06 (월) ~ 01.08 (수),전과/학점/학기포기신청(재학생)
2013,2014,1,01.29 (수),정시모집 합격자 발표
2013,2014,1,01.30 (목) ~ 02.01 (토),설날연휴
2013,2014,2,02.03 (월) ~ 02.05 (수),"휴학원서 접수(재학생,복학생)"
2013,2014,2,02.04 (화) ~ 02.06 (목),신입생 최종 등록
2013,2014,2,02.06 (목) ~ 02.07 (금),복학원서접수
2013,2014,2,02.14 (금),제45회 졸업식
2013,2014,2,02.17 (월) ~ 02.18 (화),재학생/복학생 등록
2013,2014,2,02.17 (월) ~ 02.18 (화),1학기 수강신청(재학생/복학생)
2013,2014,2,02.20 (목) ~ 02.21 (금),1학기 수강신청 (신입생)
2014,2014,3,03.01 (토),삼일절
2014,2014,3,03.03 (월),입학식 및 1학기 개강
2014,2014,3,03.10 (월) ~ 03.11 (화),수강신청 정정기간
2014,2014,3,03.12 (수) ~ 03.14 (금),조기졸업 신청기간
2014,2014,4,04.01 (화),학기 개시(30일)
2014,2014,4,04.21 (월) ~ 04.25 (금),중간고사
2014,2014,5,05.01 (목),학기 개시(60일)
2014,2014,5,05.05 (월),어린이날
2014,2014,5,05.06 (화),석가탄신일
2014,2014,5,05.20 (화),개교기념일
2014,2014,5,05.22 (목) ~ 05.23 (금),3년제 학과 수업년한 연장신청
2014,2014,5,05.23 (금),1학기 수업일수 3/4 및 일반휴학 종료일
2014,2014,5,05.31 (토),학기 개시(90일)
2014,2014,6,06.04 (수),전국동시 지방선거
2014,2014,6,06.06 (금),현충일
2014,2014,6,06.09 (월),[보강일] 어린이날 5/5 => 보강일 : 6/9
2014,2014,6,06.10 (화),[보강일] 석가탄신일 5/6 => 보강일 : 6/10
2014,2014,6,06.11 (수),[보강일] 전국동시 지방선거 6/4 => 보강일 : 6/11
2014,2014,6,06.12 (목),[보강일] 개교기념일 5/20 => 보강일 : 6/12
2014,2014,6,06.13 (금),[보강일] 현충일 6/6 => 보강일 : 6/13
2014,2014,6,06.16 (월) ~ 06.20 (금),학기말고사
2014,2014,6,06.21 (토) ~ 06.29 (일),성적입력 기간
2014,2014,6,06.21 (토) ~ 07.02 (수),강의평가
2014,2014,6,06.21 (토) ~ 08.31 (일),하계방학 및 현장실습
2014,2014,6,06.30 (월) ~ 07.02 (수),성적열람 및 이의신청기간
2014,2014,7,07.02 (수) ~ 07.04 (금),전과/학점․학기포기신청(재학생)
2014,2014,7,07.02 (수),1학기 성적 확정일(18:00)
2014,2014,7,07.03 (목) ~ 07.04 (금),계절학기 수강신청
2014,2014,7,07.04 (금),성적표 / 복학안내문 발송
2014,2014,7,07.09 (수) ~ 07.22 (화),계절학기 설강
2014,2014,8,08.04 (월) ~ 08.06 (수),"휴학원서 접수(재학생,복학생)"
2014,2014,8,08.07 (목) ~ 08.08 (금),복학원서 접수
2014,2014,8,08.14 (목),후기졸업일
2014,2014,8,08.15 (금),광복절
2014,2014,8,08.18 (월) ~ 08.19 (화),"2학기 수강신청(2,3학년)"
2014,2014,8,08.19 (화) ~ 08.20 (수),재학생∙복학생 등록
2014,2014,8,08.21 (목) ~ 08.22 (금),2학기 수강신청(1학년)
2014,2014,9,09.01 (월),2학기 개강
2014,2014,9,09.03 (수) ~ 09.27 (토),수시 1차 모집 원서접수
2014,2014,9,09.08 (월) ~ 09.09 (화),추석연휴
2014,2014,9,09.10 (수),대체휴일
2014,2014,9,09.11 (목) ~ 09.12 (금),수강신청 정정기간
2014,2014,9,09.30 (화),학기 개시(30일)
2014,2014,10,10.03 (금),개천절
2014,2014,10,10.09 (목),한글날
2014,2014,10,10.14 (화) ~ 10.17 (금),제32회 학생졸업작품 전시회
2014,2014,10,10.20 (월) ~ 10.24 (금),중간고사
2014,2014,10,10.24 (금),수시 1차 모집 합격자 발표
2014,2014,10,10.30 (목),학기 개시(60일)
2014,2014,11,11.04 (화) ~ 11.18 (화),수시 2차 모집 원서접수
2014,2014,11,11.12 (수) ~ 11.14 (금),실기교사 자격증 신청
2014,2014,11,11.25 (화),2학기 수업일수 3/4 및 일반휴학 종료일
2014,2014,11,11.29 (토),학기 개시(90일)
2014,2014,12,12.05 (금),수시 2차 모집 합격자 발표
2014,2014,12,12.08 (월),[보강일] 추석연휴 : 9/8 => 보강일 : 12/8
2014,2014,12,12.08 (월) ~ 12.10 (수),수시모집 예치금 등록
2014,2014,12,12.09 (화),[보강일] 추석연휴 : 9/9 => 보강일 : 12/9
2014,2014,12,12.10 (수),[보강일] 대체휴일 : 9/10 => 보강일 : 12/10
2014,2014,12,12.11 (목),[보강일] 한글날 : 10/9 => 보강일 : 12/11
2014,2014,12,12.12 (금),[보강일] 개천절 : 10/3 => 보강일 : 12/12
2014,2014,12,12.15 (월) ~ 12.19 (금),학기말고사
2014,2014,12,12.19 (금) ~ 01.02 (금),정시모집 원서접수
2014,2014,12,12.20 (토) ~ 02.28 (토),동계 방학 및 현장실습
2014,2014,12,12.20 (토) ~ 12.28 (일),성적입력 기간
2014,2014,12,12.20 (토) ~ 12.30 (화),강의평가
2014,2014,12,12.25 (목),성탄절
2014,2014,12,12.29 (월) ~ 12.31 (수),성적열람 및 이의신청기간
2014,2014,12,12.31 (수),2학기 성적 확정일(18:00)
2014,2015,1,01.02 (금),시무식
2014,2015,1,01.02 (금) ~ 01.05 (월),계절학기 수강신청
2014,2015,1,01.05 (월),성적표 / 복학안내문 발송
2014,2015,1,01.05 (월) ~ 01.07 (수),전과/학점․학기포기신청(재학생)
2014,2015,1,01.07 (수) ~ 01.20 (화),계절학기 설강
2014,2015,1,01.23 (금),정시모집 합격자 발표
2014,2015,1,01.26 (월) ~ 01.28 (수),신입생 최종 등록
2014,2015,2,02.02 (월) ~ 02.04 (수),"휴학원서 접수(재학생,복학생)"
2014,2015,2,02.05 (목) ~ 02.06 (금),복학원서 접수
2014,2015,2,02.12 (목) ~ 02.13 (금),1학기 수강신청(재학생/복학생)
2014,2015,2,02.13 (금),제46회 학위수여식
2014,2015,2,02.16 (월) ~ 02.17 (화),1학기 수강신청(신입생)
2014,2015,2,02.18 (수) ~ 02.20 (금),설날연휴
2014,2015,2,02.24 (화) ~ 02.25 (수),재학생∙복학생 등록
2015,2015,3,03.01 (일),삼일절
2015,2015,3,03.02 (월),입학식 및 1학기 개강
2015,2015,3,03.09 (월) ~ 03.10 (화),수강신청 정정기간
2015,2015,3,03.11 (수) ~ 03.13 (금),조기졸업 신청기간
2015,2015,3,03.31 (화),학기 개시(30일)
2015,2015,4,04.20 (월) ~ 04.24 (금),중간고사
2015,2015,4,04.30 (목),학기 개시(60일)
2015,2015,5,05.05 (화),어린이날
2015,2015,5,05.20 (수),개교기념일
2015,2015,5,05.21 (목) ~ 05.22 (금),3년제 학과 수업년한 연장신청
2015,2015,5,05.21 (목),1학기 수업일수 3/4 및 일반휴학 종료일
2015,2015,5,05.25 (월),석가탄신일
2015,2015,5,05.30 (토),학기 개시(90일)
2015,2015,6,06.06 (토),현충일
2015,2015,6,06.08 (월),[보강일] 석가탄신일 5/25 => 보강일 : 6/8
2015,2015,6,06.09 (화),[보강일] 어린이날 5/5 => 보강일 : 6/9
2015,2015,6,06.10 (수),[보강일] 개교기념일 5/20 => 보강일 : 6/10
2015,2015,6,06.11 (목) ~ 06.17 (수),학기말고사
2015,2015,6,06.18 (목) ~ 06.30 (화),강의평가
2015,2015,6,06.18 (목) ~ 06.25 (목),성적입력 기간
2015,2015,6,06.18 (목) ~ 08.31 (월),하계방학 및 현장실습
2015,2015,6,06.26 (금) ~ 06.30 (화),성적열람 및 이의신청기간
2015,2015,6,06.30 (화),1학기 성적 확정일(18:00)
2015,2015,7,07.01 (수) ~ 07.02 (목),계절학기 수강신청
2015,2015,7,07.03 (금),성적표 / 복학안내문 발송
2015,2015,7,07.03 (금) ~ 07.06 (월),계절학기 수강등록
2015,2015,7,07.06 (월) ~ 07.08 (수),전과 / 학점 / 학기포기신청(재학생)
2015,2015,7,07.07 (화) ~ 07.20 (월),계절학기 수강설강
2015,2015,8,08.03 (월) ~ 08.05 (수),"휴학원서 접수(재학생,복학생)"
2015,2015,8,08.06 (목) ~ 08.07 (금),복학원서 접수
2015,2015,8,08.13 (목),후기졸업일
2015,2015,8,08.15 (토),광복절
2015,2015,8,08.17 (월) ~ 08.18 (화),2학기 수강신청(2.3학년)
2015,2015,8,08.18 (화) ~ 08.19 (수),재학생 / 복학생 등록
2015,2015,8,08.20 (목) ~ 08.21 (금),2학기 수강신청(1학년)
2015,2015,9,09.01 (화),2학기 개강
2015,2015,9,09.02 (수) ~ 09.24 (목),수시 1차 모집 원서접수
2015,2015,9,09.08 (화) ~ 09.09 (수),수강신청 정정기간
2015,2015,9,09.28 (월) ~ 09.29 (화),추석연휴
2015,2015,9,09.30 (수),학기 개시(30일)
2015,2015,10,10.03 (토),개천절
2015,2015,10,10.09 (금),한글날
2015,2015,10,10.14 (수) ~ 10.17 (토),제33회 학생졸업작품 전시회
2015,2015,10,10.20 (화) ~ 10.26 (월),중간고사
2015,2015,10,10.23 (금),수시 1차 모집 합격자 발표
2015,2015,10,10.30 (금),학기 개시(60일)
2015,2015,11,11.03 (화) ~ 11.17 (화),수시 2차 모집 원서접수
2015,2015,11,11.11 (수) ~ 11.13 (금),실기교사 자격증 신청
2015,2015,11,11.23 (월),2학기 수업일수 3/4 및 일반휴학 종료일
2015,2015,11,11.29 (일),학기 개시(90일)
2015,2015,12,12.04 (금),수시 2차 모집 합격자 발표
2015,2015,12,12.08 (화),[보강일] 대체휴일 : 9/29 => 보강일 : 12/8
2015,2015,12,12.09 (수),[보강일] 추석연휴 : 9/28 => 보강일 : 12/9
2015,2015,12,12.10 (목),[보강일] 한글날 : 10/9 => 보강일 : 12/10
2015,2015,12,12.11 (금) ~ 12.14 (월),수시모집 예치금 등록
2015,2015,12,12.11 (금) ~ 12.17 (목),학기말고사
2015,2015,12,12.18 (금) ~ 02.29 (월),동계 방학 및 현장실습
2015,2015,12,12.18 (금) ~ 12.27 (일),성적입력 기간
2015,2015,12,12.18 (금) ~ 12.30 (수),강의평가
2015,2015,12,12.24 (목) ~ 01.05 (화),정시 1차 모집 원서접수
2015,2015,12,12.25 (금),성탄절
2015,2015,12,12.28 (월) ~ 12.30 (수),성적열람 및 이의신청기간
2015,2015,12,12.30 (수),2학기 성적 확정일(18:00)
2015,2015,12,12.31 (목) ~ 01.04 (월),계절학기 수강신청
2015,2016,1,01.04 (월),시무식
2015,2016,1,01.05 (화) ~ 01.06 (수),계절학기 등록
2015,2016,1,01.05 (화),성적표 / 복학안내문 발송
2015,2016,1,01.06 (수) ~ 01.08 (금),전과/학점/학기포기신청(재학생)
2015,2016,1,01.07 (목) ~ 01.20 (수),계절학기 설강
2015,2016,1,01.28 (목),정시 1차 모집 합격자 발표
2015,2016,1,01.29 (금) ~ 02.02 (화),"신입생 등록(수시1.2차, 정시1차)"
2015,2016,2,02.01 (월) ~ 02.03 (수),"휴학원서 접수(재학생,복학생)"
2015,2016,2,02.04 (목) ~ 02.05 (금),복학원서접수
2015,2016,2,02.07 (일) ~ 02.09 (화),설날연휴
2015,2016,2,02.11 (목) ~ 02.15 (월),정시 2차 모집 원서접수
2015,2016,2,02.15 (월) ~ 02.16 (화),1학기 수강신청(재학생/복학생)
2015,2016,2,02.18 (목) ~ 02.19 (금),1학기 수강신청 (신입생)
2015,2016,2,02.18 (목) ~ 02.19 (금),정시 2차 신입생 등록
2015,2016,2,02.18 (목),정시 2차 모집 합격자 발표
2015,2016,2,02.19 (금),제47회 학위수여식
2015,2016,2,02.23 (화) ~ 02.24 (수),재학생/복학생 등록
2015,2016,2,02.26 (금),입학식
2016,2016,3,03.02 (수),개강
2016,2016,3,03.09 (수) ~ 03.10 (목),수강신청 정정기간
2016,2016,3,03.14 (월) ~ 03.16 (수),조기졸업신청 기간
2016,2016,3,03.31 (목),학기 개시(30일)
2016,2016,4,04.13 (수),국회의원선거일 : 13(수) → 보강일 : 6/8(수)
2016,2016,4,04.21 (목) ~ 04.27 (수),중간고사
2016,2016,4,04.30 (토),학기 개시(60일)
2016,2016,5,05.05 (목),어린이날 : 5(목) → 보강일 : 6/9(목)
2016,2016,5,05.06 (금),임시공휴일 : 6(금) → 보강일 : 6/14(화)
2016,2016,5,05.14 (토),석가탄신일
2016,2016,5,05.20 (금),개교기념일 : 20(금) → 보강일 : 6/10(금)
2016,2016,5,05.23 (월) ~ 05.25 (수),3년제 학과 수업년한 연장신청
2016,2016,5,05.25 (수),"학기 수업일수 3/4, 일반휴학 종료일"
2016,2016,5,05.30 (월),학기 개시(90일)
2016,2016,6,06.02 (목) ~ 06.03 (금),계절학기 수강신청(학점교류 교과목)
2016,2016,6,06.15 (수) ~ 06.21 (화),학기말고사
2016,2016,6,06.22 (수) ~ 06.28 (화),성적입력 기간
2016,2016,6,06.22 (수) ~ 07.01 (금),강의평가
2016,2016,6,06.22 (수),하계방학
2016,2016,6,06.29 (수) ~ 07.01 (금),성적열람 및 이의신청기간
2016,2016,7,07.04 (월),1학기 성적 확정일
2016,2016,7,07.05 (화) ~ 07.06 (수),계절학기 수강신청(교내 교과목)
2016,2016,7,07.06 (수) ~ 07.08 (금),전과/학점․학기포기신청(재학생)
2016,2016,7,07.06 (수),성적표 / 복학안내문 발송
2016,2016,7,07.07 (목) ~ 07.08 (금),계절학기 등록(교내 교과목)
2016,2016,7,07.11 (월) ~ 07.22 (금),계절학기 설강(교내 교과목)
2016,2016,8,08.01 (월) ~ 08.03 (수),휴학원서 접수(재학생·복학생)
2016,2016,8,08.04 (목) ~ 08.05 (금),복학원서 접수
2016,2016,8,08.19 (금),후기 학위수여식
2016,2016,8,08.22 (월) ~ 08.23 (화),2학기 수강신청(2·3학년)
2016,2016,8,08.23 (화) ~ 08.24 (수),재학생∙복학생 등록
2016,2016,8,08.25 (목) ~ 08.26 (금),2학기 수강신청(1학년)
2016,2016,9,09.01 (목),2학기 개강
2016,2016,9,09.08 (목) ~ 09.09 (금),수강신청 정정기간
2016,2016,9,09.08 (목) ~ 09.29 (목),수시 1차 모집 원서접수
2016,2016,9,09.14 (수),추석연휴 : 14(수) → 보강일 : 12/13(화)
2016,2016,9,09.15 (목),추석연휴 : 15(목) → 보강일 : 12/8(목)
2016,2016,9,09.16 (금),추석연휴 : 16(금) → 보강일 : 12/9(금)
2016,2016,9,09.30 (금),학기 개시(30일)
2016,2016,10,10.03 (월),개천절 : 3(월) → 보강일 : 12/12(월
2016,2016,10,10.20 (목) ~ 10.26 (수),중간고사
2016,2016,10,10.26 (수) ~ 10.28 (금),제34회 학생졸업작품 전시회
2016,2016,10,10.28 (금),수시 1차 모집 합격자 발표
2016,2016,10,10.30 (일),학기 개시(60일)
2016,2016,11,11.09 (수) ~ 11.11 (금),실기교사 자격증 신청
2016,2016,11,11.09 (수) ~ 11.21 (월),수시 2차 모집 원서접수
2016,2016,11,11.24 (목),"2학기 수업일수 3/4, 일반휴학 종료일"
2016,2016,11,11.29 (화),학기 개시(90일)
2016,2016,12,12.05 (월) ~ 12.06 (화),계절학기 수강신청(학점교류 교과목)
2016,2016,12,12.14 (수) ~ 12.20 (화),학기말고사
2016,2016,12,12.16 (금),수시 2차 모집 합격자 발표
2016,2016,12,12.19 (월) ~ 12.21 (수),수시모집 예치금 등록
2016,2016,12,12.21 (수) ~ 12.30 (금),강의평가
2016,2016,12,12.21 (수),동계방학
2016,2016,12,12.21 (수) ~ 12.27 (화),성적입력 기간
2016,2016,12,12.25 (일),성탄절
2016,2016,12,12.28 (수) ~ 12.30 (금),성적열람 및 이의신청기간
2016,2016,12,12.30 (금),2학기 성적 확정일
2016,2017,1,01.02 (월) ~ 01.03 (화),계절학기 수강신청(교내 교과목)
2016,2017,1,01.03 (화) ~ 01.13 (금),정시 1차 모집 원서접수
2016,2017,1,01.04 (수) ~ 01.06 (금),전과/학점․학기포기신청(재학생)
2016,2017,1,01.04 (수) ~ 01.05 (목),계절학기 등록(교내 교과목)
2016,2017,1,01.06 (금),성적표 / 복학안내문 발송
2016,2017,1,01.09 (월) ~ 01.20 (금),계절학기 설강(교내 교과목)
2016,2017,1,01.27 (금) ~ 01.29 (일),설날연휴
2016,2017,1,01.30 (월),대체휴일
2016,2017,2,02.01 (수) ~ 02.03 (금),휴학원서 접수(재학생·복학생)
2016,2017,2,02.06 (월) ~ 02.07 (화),복학원서 접수
2016,2017,2,02.06 (월),정시 1차 모집 합격자 발표
2016,2017,2,02.07 (화) ~ 02.09 (목),"수시 1,2차, 정시 1차 신입생 등록"
2016,2017,2,02.10 (금) ~ 02.14 (화),정시 2차 모집 원서접수
2016,2017,2,02.15 (수) ~ 02.16 (목),"1학기 수강신청(2학년, 3학년)"
2016,2017,2,02.17 (금) ~ 02.20 (월),정시 2차 신입생 등록
2016,2017,2,02.17 (금),제48회 학위수여식
2016,2017,2,02.17 (금),정시 2차 모집 합격자 발표
2016,2017,2,02.20 (월) ~ 02.21 (화),1학기 수강신청(1학년)
2016,2017,2,02.22 (수) ~ 02.23 (목),재학생·복학생 등록
2017,2017,3,03.01 (수),삼일절
2017,2017,3,03.02 (목),개강
2017,2017,3,03.09 (목) ~ 03.10 (금),수강신청 정정
2017,2017,3,03.13 (월) ~ 03.15 (수),조기졸업 신청
2017,2017,3,03.31 (금),[학기 개시] 30일 경과
2017,2017,4,04.20 (목) ~ 04.26 (수),중간고사
2017,2017,4,04.30 (일),[학기 개시] 60일 경과
2017,2017,5,05.03 (수),석가탄신일 → 보강일 : 6.12(월)
2017,2017,5,05.05 (금),어린이날 → 보강일 : 6.9(금)
2017,2017,5,05.09 (화),제19대 대통령 선거일 → 보강일 : 6.8(목)
2017,2017,5,05.20 (토),개교기념일
2017,2017,5,05.22 (월) ~ 05.23 (화),3년제 학과 수업연한 연장 신청
2017,2017,5,05.24 (수),"1학기 수업일수 3/4 경과, 일반휴학 종료"
2017,2017,5,05.25 (목) ~ 05.26 (금),노들축제
2017,2017,5,05.30 (화),[학기 개시] 90일 경과
2017,2017,6,06.01 (목) ~ 06.02 (금),[학점교류 교과목] 계절학기 수강 신청
2017,2017,6,06.06 (화),현충일 → 보강일 : 6.13(화)
2017,2017,6,06.14 (수) ~ 06.20 (화),기말고사
2017,2017,6,06.21 (수) ~ 08.31 (목),하계방학 및 현장실습
2017,2017,6,06.21 (수) ~ 06.27 (화),성적입력(2017.6.21 - 27 24:00)
2017,2017,6,06.21 (수) ~ 06.30 (금),강의평가(2017.6.21 - 30 17:00)
2017,2017,6,06.28 (수) ~ 06.30 (금),성적열람 및 이의 신청(2017.6.28 - 30 17:00)
2017,2017,6,06.30 (금),1학기 성적 확정(18:00)
2017,2017,7,07.03 (월) ~ 07.04 (화),[교내 교과목] 계절학기 수강 신청
2017,2017,7,07.05 (수) ~ 07.06 (목),[교내 교과목] 계절학기 등록
2017,2017,7,07.05 (수) ~ 07.07 (금),[재학생] 전과 / 학점•학기포기 신청
2017,2017,7,07.06 (목),성적표 / 복학안내문 발송
2017,2017,7,07.10 (월) ~ 07.21 (금),[교내 교과목]계절학기 설강
2017,2017,7,07.31 (월) ~ 08.02 (수),[재학생•복학생] 휴학원서 접수
2017,2017,8,08.03 (목) ~ 08.04 (금),복학원서 접수
2017,2017,8,08.11 (금),후기 졸업 사정회 [교무위원회] 11:00
2017,2017,8,08.15 (화),광복절
2017,2017,8,08.18 (금),후기 학위수여식
2017,2017,8,08.21 (월) ~ 08.22 (화),[2•3학년] 2학기 수강 신청
2017,2017,8,08.22 (화) ~ 08.23 (수),재학생•복학생 등록
2017,2017,8,08.24 (목) ~ 08.25 (금),[1학년•전공심화] 2학기 수강 신청
2017,2017,9,09.01 (금),2학기 개강
2017,2017,9,09.08 (금) ~ 09.11 (월),수강신청 정정
2017,2017,9,09.11 (월) ~ 09.29 (금),[수시 1차 모집] 원서 접수
2017,2017,9,09.18 (월) ~ 09.22 (금),졸업앨범 사진 촬영
2017,2017,9,09.28 (목) ~ 09.29 (금),추계 노들체전
2017,2017,9,09.30 (토),[학기 개시] 30일 경과
2017,2017,10,10.02 (월),임시공휴일 → 보강일 : 12.11(월)
2017,2017,10,10.03 (화),개천절 → 보강일 : 12.12(화)
2017,2017,10,10.04 (수),추석연휴 → 보강일 : 12.13(수)
2017,2017,10,10.05 (목),추석연휴 → 보강일 : 12.14(목)
2017,2017,10,10.06 (금),추석연휴 → 보강일 : 12. 8(금)
2017,2017,10,10.09 (월),한글날 → 보강일 : 12.15(금)
2017,2017,10,10.17 (화) ~ 10.20 (금),제35회 학생졸업작품 전시회
2017,2017,10,10.27 (금),[수시 1차 모집] 합격자 발표
2017,2017,10,10.30 (월),학기 개시 60일 경과
2017,2017,10,10.31 (화) ~ 11.06 (월),중간고사
2017,2017,11,11.07 (화) ~ 11.21 (화),[수시 2차 모집] 원서 접수
2017,2017,11,11.09 (목) ~ 11.10 (금),실기교사 자격증 신청
2017,2017,11,11.28 (화),"2학기 수업일수 3/4 경과, 일반휴학 종료"
2017,2017,11,11.29 (수),[학기 개시] 90일 경과
2017,2017,12,12.04 (월) ~ 12.05 (화),[학점교류 교과목] 계절학기 수강 신청
2017,2017,12,12.15 (금),[수시 2차 모집] 합격자 발표
2017,2017,12,12.18 (월) ~ 12.22 (금),기말고사
2017,2017,12,12.23 (토) ~ 02.28 (수),동계방학
2017,2017,12,12.23 (토) ~ 01.02 (화),강의평가(2017.12.23-2018.1.2 17:00)
2017,2017,12,12.23 (토) ~ 12.29 (금),성적입력(2017.12.23-29 24:00)
2017,2017,12,12.25 (월) ~ 12.28 (목),[수시모집] 예치금 등록
2017,2017,12,12.25 (월),성탄절
2017,2017,12,12.30 (토) ~ 01.03 (수),성적열람 및 이의 신청(2017.12.30-2018.1.3 17:00)
2017,2018,1,01.02 (화),시무식
2017,2018,1,01.03 (수),2학기 성적 확정(18:00)
2017,2018,1,01.04 (목) ~ 01.05 (금),[교내 교과목] 계절학기 수강 신청
2017,2018,1,01.06 (토) ~ 01.16 (화),[정시모집] 원서 접수
2017,2018,1,01.08 (월) ~ 01.09 (화),[교내 교과목] 계절학기 등록
2017,2018,1,01.08 (월) ~ 01.10 (수),[재학생] 전과 / 학점•학기포기 신청
2017,2018,1,01.09 (화),성적표 / 복학안내문 발송
2017,2018,1,01.10 (수) ~ 01.23 (화),[교내 교과목] 계절학기 설강
2017,2018,2,02.02 (금),졸업•진급•입학 사정회 [교무위원회] 11:00
2017,2018,2,02.05 (월) ~ 02.07 (수),[재학생•복학생] 휴학원서 접수
2017,2018,2,02.06 (화),[정시모집] 합격자 발표
2017,2018,2,02.07 (수) ~ 02.09 (금),"수시 1,2차, 정시 신입생 등록"
2017,2018,2,02.08 (목) ~ 02.09 (금),복학원서 접수
2017,2018,2,02.15 (목) ~ 02.17 (토),설날연휴
2017,2018,2,02.19 (월) ~ 02.20 (화),[2학년•3학년] 1학기 수강 신청
2017,2018,2,02.20 (화) ~ 02.21 (수),재학생•복학생 등록
2017,2018,2,02.22 (목) ~ 02.23 (금),[1학년•전공심화] 1학기 수강 신청
2017,2018,2,02.23 (금),제49회 학위수여식
2017,2018,2,02.28 (수),신입생 입학식 및 O.T
2018,2018,3,03.01 (목),삼일절
2018,2018,3,03.02 (금),개강
2018,2018,3,03.08 (목) ~ 03.09 (금),수강신청 정정
2018,2018,3,03.12 (월) ~ 03.14 (수),조기졸업 신청
2018,2018,3,03.31 (토),[학기 개시] 30일 경과
2018,2018,4,04.20 (금) ~ 04.26 (목),중간고사
2018,2018,4,04.30 (월),[학기 개시] 60일 경과
2018,2018,5,05.05 (토),어린이날
2018,2018,5,05.07 (월),대체휴일 → 보강일 : 6.11(월)
2018,2018,5,05.17 (목) ~ 05.18 (금),노들축제
2018,2018,5,05.20 (일),개교기념일
2018,2018,5,05.22 (화),석가탄신일 → 보강일 : 6.12(화)
2018,2018,5,05.23 (수) ~ 05.24 (목),3년제 학과 수업연한 연장 신청
2018,2018,5,05.23 (수),"1학기 수업일수 3/4 경과, 일반휴학 종료"
2018,2018,5,05.30 (수),[학기 개시] 90일 경과
2018,2018,6,06.06 (수),현충일 → 보강일 : 6.8(금)
2018,2018,6,06.13 (수),지방선거일
2018,2018,6,06.14 (목) ~ 06.20 (수),기말고사
2018,2018,6,06.21 (목) ~ 07.02 (월),강의평가(2018.6.21 - 7.2 17:00)
2018,2018,6,06.21 (목) ~ 08.31 (금),하계방학 및 현장실습
2018,2018,6,06.21 (목) ~ 06.27 (수),성적입력(2018.6.21 - 27 24:00)
2018,2018,6,06.28 (목) ~ 07.02 (월),성적열람 및 이의 신청(2018.6.28 - 7.2 17:00)
2018,2018,7,07.02 (월),1학기 성적 확정(18:00)
2018,2018,7,07.03 (화) ~ 07.04 (수),[교내 교과목] 계절학기 수강 신청
2018,2018,7,07.04 (수) ~ 07.06 (금),[재학생] 전과 / 학점•학기포기 신청
2018,2018,7,07.05 (목),성적표 / 복학안내문 발송
2018,2018,7,07.05 (목) ~ 07.06 (금),[교내 교과목] 계절학기 등록
2018,2018,7,07.09 (월) ~ 07.20 (금),[교내 교과목]계절학기 설강
2018,2018,7,07.30 (월) ~ 08.01 (수),[재학생•복학생] 휴학원서 접수
2018,2018,8,08.02 (목) ~ 08.03 (금),복학원서 접수
2018,2018,8,08.10 (금),후기 졸업 사정회 [교무위원회] 11:00
2018,2018,8,08.15 (수),광복절
2018,2018,8,08.17 (금),후기 학위수여식
2018,2018,8,08.20 (월) ~ 08.21 (화),[2•3학년] 2학기 수강 신청
2018,2018,8,08.21 (화) ~ 08.22 (수),재학생•복학생 등록
2018,2018,8,08.23 (목) ~ 08.24 (금),[1학년•전공심화] 2학기 수강 신청
2018,2018,9,09.03 (월),2학기 개강
2018,2018,9,09.06 (목) ~ 09.07 (금),수강신청 정정
2018,2018,9,09.10 (월) ~ 09.28 (금),[수시 1차 모집] 원서 접수
2018,2018,9,09.17 (월) ~ 09.21 (금),졸업앨범 사진 촬영
2018,2018,9,09.24 (월),추석연휴 → 보강일 : 12.10(월)
2018,2018,9,09.25 (화),추석연휴 → 보강일 : 12.11(화)
2018,2018,9,09.26 (수),대체휴일 → 보강일 : 12. 12(수)
2018,2018,9,09.27 (목),추계 노들체전
2018,2018,10,10.02 (화),[학기 개시] 30일 경과
2018,2018,10,10.03 (수),개천절 → 보강일 : 12.14(금)
2018,2018,10,10.09 (화),한글날 → 보강일 : 12.13(목)
2018,2018,10,10.24 (수) ~ 10.27 (토),제36회 학생졸업작품 전시회
2018,2018,10,10.26 (금),[수시 1차 모집] 합격자 발표
2018,2018,11,11.01 (목),학기 개시 60일 경과
2018,2018,11,11.01 (목) ~ 11.07 (수),중간고사
2018,2018,11,11.06 (화) ~ 11.20 (화),[수시 2차 모집] 원서 접수
2018,2018,11,11.08 (목) ~ 11.09 (금),실기교사 자격증 신청
2018,2018,11,11.27 (화),"2학기 수업일수 3/4 경과, 일반휴학 종료"
2018,2018,12,12.01 (토),[학기 개시] 90일 경과
2018,2018,12,12.14 (금),[수시 2차 모집] 합격자 발표
2018,2018,12,12.17 (월) ~ 12.21 (금),기말고사
2018,2018,12,12.17 (월) ~ 12.19 (수),[수시모집] 예치금 등록
2018,2018,12,12.22 (토) ~ 01.02 (수),강의평가(2018.12.22-2019.1.2 17:00)
2018,2018,12,12.22 (토) ~ 12.30 (일),성적입력(2018.12.23-30 24:00)
2018,2018,12,12.22 (토) ~ 02.28 (목),동계방학
2018,2018,12,12.25 (화),성탄절
2018,2018,12,12.29 (토) ~ 01.11 (금),[정시모집] 원서 접수
2018,2018,12,12.31 (월) ~ 01.02 (수),성적열람 및 이의 신청(2018.12.31-2019.1.2 17:00)
2018,2019,1,01.02 (수),시무식
2018,2019,1,01.02 (수),2학기 성적 확정(18:00)
2018,2019,1,01.03 (목) ~ 01.04 (금),[교내 교과목] 계절학기 수강 신청
2018,2019,1,01.07 (월),성적표 / 복학안내문 발송
2018,2019,1,01.07 (월) ~ 01.09 (수),[재학생] 전과 / 학점•학기포기 신청
2018,2019,1,01.07 (월) ~ 01.08 (화),[교내 교과목] 계절학기 등록
2018,2019,1,01.09 (수) ~ 01.22 (화),[교내 교과목] 계절학기 설강
2018,2019,1,01.28 (월) ~ 01.30 (수),[재학생•복학생] 휴학원서 접수
2018,2019,2,02.04 (월) ~ 02.06 (수),설날연휴
2018,2019,2,02.07 (목) ~ 02.08 (금),복학원서 접수
2018,2019,2,02.07 (목),졸업•진급•입학 사정회 [교무위원회] 11:00
2018,2019,2,02.08 (금),[정시모집] 합격자 발표
2018,2019,2,02.11 (월) ~ 02.13 (수),"수시 1,2차, 정시 신입생 등록"
2018,2019,2,02.14 (목),재입학 등록
2018,2019,2,02.18 (월) ~ 02.19 (화),[2학년•3학년] 1학기 수강 신청
2018,2019,2,02.19 (화) ~ 02.20 (수),재학생•복학생 등록
2018,2019,2,02.21 (목) ~ 02.22 (금),[1학년•전공심화] 1학기 수강 신청
2018,2019,2,02.22 (금),제50회 학위수여식
2018,2019,2,02.28 (목),신입생 입학식 및 O.T
2019,2019,3,03.01 (금),삼일절
2019,2019,3,03.04 (월),개강
2019,2019,3,03.07 (목) ~ 03.08 (금),수강신청 정정
2019,2019,3,03.13 (수) ~ 03.14 (목),등록금 분할납부(2회차)/졸업보류 등록
2019,2019,3,03.13 (수) ~ 03.15 (금),조기졸업 신청
2019,2019,3,03.22 (금),복학만료일
2019,2019,4,04.02 (화),[학기 개시] 30일 경과
2019,2019,4,04.10 (수) ~ 04.11 (목),등록금 분할납부(3회차)
2019,2019,4,04.22 (월) ~ 04.26 (금),중간고사
2019,2019,5,05.01 (수),근로자의 날 → 보강일 : 6.11(화)
2019,2019,5,05.02 (목),[학기 개시] 60일 경과
2019,2019,5,05.05 (일),어린이날
2019,2019,5,05.06 (월),대체휴일 → 보강일 : 6.10(월)
2019,2019,5,05.08 (수) ~ 05.09 (목),등록금 분할납부(4회차)
2019,2019,5,05.12 (일),석가탄신일
2019,2019,5,05.16 (목) ~ 05.17 (금),노들축제
2019,2019,5,05.20 (월),개교기념일 → 보강일 : 6.12(수)
2019,2019,5,05.21 (화) ~ 05.23 (목),3년제 학과 수업연한 연장 신청
2019,2019,5,05.24 (금),"1학기 수업일수 3/4 경과, 일반휴학 종료"
2019,2019,6,06.01 (토),[학기 개시] 90일 경과
2019,2019,6,06.06 (목),현충일 → 보강일 : 6.13(목)
2019,2019,6,06.14 (금) ~ 06.20 (목),기말고사
2019,2019,6,06.21 (금),하계방학 및 현장실습
2019,2019,6,06.21 (금) ~ 06.27 (목),성적입력(2019.6.21-27 24:00)
2019,2019,6,06.21 (금) ~ 07.02 (화),강의평가 (2019.6.21-7.2 17:00)
2019,2019,6,06.28 (금) ~ 07.02 (화),성적열람 및 이의 신청
2019,2019,7,07.02 (화),1학기 성적 확정(18:00)
2019,2019,7,07.03 (수) ~ 07.04 (목),[교내 교과목] 계절학기 수강 신청
2019,2019,7,07.04 (목) ~ 07.08 (월),[재학생] 전과 / 학점•학기포기 신청
2019,2019,7,07.05 (금) ~ 07.08 (월),[교내 교과목] 계절학기 등록
2019,2019,7,07.09 (화) ~ 07.22 (월),[교내 교과목]계절학기 설강
2019,2019,7,07.11 (목),성적표 / 복학안내문 발송
2019,2019,7,07.22 (월) ~ 07.24 (수),2019-2 재입학 원서 접수
2019,2019,7,07.22 (월) ~ 07.24 (수),[재학생•복학생] 휴학원서 접수
2019,2019,7,07.25 (목) ~ 07.26 (금),복학원서 접수
2019,2019,8,08.05 (월) ~ 08.09 (금),대학 휴무기간
2019,2019,8,08.12 (월),후기 졸업 사정회 [교무위원회] 11:00
2019,2019,8,08.14 (수),후기 학위수여식
2019,2019,8,08.14 (수),재입학 등록
2019,2019,8,08.15 (목),광복절
2019,2019,8,08.19 (월) ~ 08.20 (화),[2•3학년] 2학기 수강 신청
2019,2019,8,08.20 (화) ~ 08.21 (수),재학생•복학생 등록
2019,2019,8,08.22 (목) ~ 08.23 (금),[1학년•전공심화] 2학기 수강 신청
2019,2019,8,08.22 (목) ~ 08.23 (금),등록금 분할납부(1회차)
2019,2019,9,09.02 (월),2학기 개강
2019,2019,9,09.05 (목) ~ 09.06 (금),수강신청 정정
2019,2019,9,09.06 (금) ~ 09.27 (금),[수시 1차 모집] 원서 접수
2019,2019,9,09.09 (월) ~ 09.10 (화),등록금 분할납부(2회차)
2019,2019,9,09.12 (목),추석연휴 → 보강일 : 12.9(월)
2019,2019,9,09.13 (금),추석연휴 → 보강일 : 12.10(화)
2019,2019,9,09.16 (월) ~ 09.17 (화),졸업보류 등록
2019,2019,9,09.20 (금),복학만료일
2019,2019,9,09.26 (목) ~ 09.27 (금),노들축제 및 체전
2019,2019,10,10.01 (화),[학기 개시] 30일 경과
2019,2019,10,10.03 (목),개천절 → 보강일 : 12.12(목)
2019,2019,10,10.07 (월) ~ 10.08 (화),등록금 분할납부(3회차)
2019,2019,10,10.08 (화) ~ 10.11 (금),제37회 학생졸업작품 전시회
2019,2019,10,10.09 (수),한글날 → 보강일 : 12.11(수)
2019,2019,10,10.25 (금),[수시 1차 모집] 합격자 발표
2019,2019,10,10.28 (월) ~ 11.01 (금),중간고사
2019,2019,10,10.31 (목),학기 개시 60일 경과
2019,2019,11,11.04 (월) ~ 11.05 (화),등록금 분할납부(4회차)
2019,2019,11,11.06 (수) ~ 11.20 (수),[수시 2차 모집] 원서 접수
2019,2019,11,11.07 (목) ~ 11.08 (금),실기교사 자격증 신청
2019,2019,11,11.25 (월),"2학기 수업일수 3/4 경과, 일반휴학 종료"
2019,2019,11,11.30 (토),[학기 개시] 90일 경과
2019,2019,12,12.09 (월),[수시 2차 모집] 합격자 발표
2019,2019,12,12.11 (수) ~ 12.13 (금),[수시모집] 예치금 등록
2019,2019,12,12.13 (금) ~ 12.19 (목),기말고사
2019,2019,12,12.20 (금) ~ 12.26 (목),성적입력(2019.12.20-26 24:00)
2019,2019,12,12.20 (금) ~ 12.31 (화),강의평가(2019.12.20-31 17:00)
2019,2019,12,12.20 (금),동계방학
2019,2019,12,12.25 (수),성탄절
2019,2019,12,12.27 (금) ~ 12.31 (화),성적열람 및 이의 신청(2019.12.27-31 17:00)
2019,2019,12,12.30 (월) ~ 01.13 (월),[정시모집] 원서 접수
2019,2019,12,12.31 (화),2학기 성적 확정(18:00)
2019,2020,1,01.02 (목),시무식
2019,2020,1,01.02 (목) ~ 01.03 (금),[교내 교과목] 계절학기 수강 신청
2019,2020,1,01.06 (월) ~ 01.07 (화),[교내 교과목] 계절학기 등록
2019,2020,1,01.06 (월) ~ 01.08 (수),[재학생] 전과 / 학점•학기포기 신청
2019,2020,1,01.08 (수) ~ 01.21 (화),[교내 교과목] 계절학기 설강
2019,2020,1,01.10 (금),성적표 / 복학안내문 발송
2019,2020,1,01.20 (월) ~ 01.22 (수),2020-1학기 재입학 원서 접수
2019,2020,1,01.24 (금) ~ 01.26 (일),설날연휴
2019,2020,1,01.27 (월),대체휴일
2019,2020,2,02.03 (월),졸업•진급•입학 사정회 [교무위원회] 11:00
2019,2020,2,02.04 (화),[정시모집] 합격자 발표
2019,2020,2,02.04 (화) ~ 02.05 (수),[재학생•복학생] 휴학원서 접수
2019,2020,2,02.06 (목) ~ 02.07 (금),복학원서 접수
2019,2020,2,02.06 (목) ~ 02.10 (월),"수시 1,2차, 정시 신입생 등록"
2019,2020,2,02.13 (목),재입학 등록
2019,2020,2,02.17 (월) ~ 02.18 (화),[2학년•3학년] 1학기 수강 신청
2019,2020,2,02.18 (화) ~ 02.19 (수),재학생•복학생 등록
2019,2020,2,02.20 (목) ~ 02.21 (금),등록금 분할납부(1회차)
2019,2020,2,02.20 (목) ~ 02.21 (금),[1학년•전공심화] 1학기 수강 신청
2019,2020,2,02.21 (금),제51회 학위수여식 11:00
2019,2020,2,02.28 (금),신입생 입학식 및 O.T
2020,2020,3,03.01 (일),삼일절
2020,2020,3,03.10 (화) ~ 03.11 (수),등록금 분할납부(2회차)
2020,2020,3,03.16 (월),[2020학년도 1학기] 개강
2020,2020,3,03.19 (목) ~ 03.20 (금),수강신청 정정
2020,2020,3,03.24 (화) ~ 03.25 (수),졸업보류 등록
2020,2020,3,03.25 (수) ~ 03.27 (금),조기졸업 신청
2020,2020,4,04.03 (금),복학만료일
2020,2020,4,04.07 (화) ~ 04.08 (수),등록금 분할납부(3회차)
2020,2020,4,04.14 (화),학기 개시 30일 경과
2020,2020,4,04.15 (수),21대 국회의원 선거 ⇒ 보강일 : 6월 24일(수)
2020,2020,4,04.30 (목),부처님 오신 날 ⇒ 보강일 : 6월 25일(목)
2020,2020,5,05.01 (금),근로자의 날 ⇒ 보강일 : 6월 26일(금)
2020,2020,5,05.05 (화),어린이날 ⇒ 보강일 : 6월 23일(화)
2020,2020,5,05.06 (수) ~ 05.07 (목),등록금 분할납부(4회차)
2020,2020,5,05.11 (월) ~ 05.15 (금),중간고사
2020,2020,5,05.14 (목),학기 개시 60일 경과
2020,2020,5,05.20 (수),개교기념일 ⇒ 보강일 : 6월 22일(월)
2020,2020,5,05.21 (목) ~ 05.22 (금),노들축제
2020,2020,5,05.27 (수) ~ 05.29 (금),3년제 학과 수업연한 연장 신청
2020,2020,6,06.06 (토),현충일
2020,2020,6,06.09 (화),"1학기 수업일수 3/4 경과, 일반휴학 종료"
2020,2020,6,06.13 (토),학기 개시 90일 경과
2020,2020,6,06.22 (월),보강일 [개교기념일 5월 20일(수)]
2020,2020,6,06.23 (화),보강일 [어린이 날 5월 5일(화)]
2020,2020,6,06.24 (수),보강일 [21대 국회의원 선거 4월 15일(수)]
2020,2020,6,06.25 (목),보강일 [부처님 오신 날 4월 30일(목)]
2020,2020,6,06.26 (금),보강일 [근로자의 날 5월 1일(금)]
2020,2020,6,06.29 (월) ~ 07.03 (금),기말고사
2020,2020,7,07.04 (토) ~ 07.15 (수),강의평가 [4(토) ~ 15일(수) 17:00]
2020,2020,7,07.04 (토) ~ 07.12 (일),성적입력 [4(토) ~ 12일(일) 24:00]
2020,2020,7,07.04 (토) ~ 08.31 (월),하계방학 및 현장실습
2020,2020,7,07.13 (월) ~ 07.15 (수),성적열람 및 이의 신청 [13(월) ~ 15일(수) 17:00]
2020,2020,7,07.15 (수),[2020학년도 1학기] 성적 확정 18:00
2020,2020,7,07.20 (월) ~ 07.22 (수),복학원서 접수
2020,2020,7,07.23 (목) ~ 07.24 (금),재학생 전과 신청
2020,2020,7,07.23 (목) ~ 07.24 (금),학점•학기포기 신청
2020,2020,7,07.27 (월) ~ 07.29 (수),[2020학년도 2학기] 재입학 원서 접수
2020,2020,7,07.31 (금),성적이수표 발송
2020,2020,8,08.03 (월) ~ 08.05 (수),휴학원서 접수
2020,2020,8,08.14 (금),"후기 졸업, 입학 사정회 [교무위원회]"
2020,2020,8,08.15 (토),광복절
2020,2020,8,08.17 (월),임시공휴일
2020,2020,8,08.18 (화) ~ 08.19 (수),[2•3학년] 2학기 수강 신청
2020,2020,8,08.18 (화) ~ 08.19 (수),재학생•복학생 등록
2020,2020,8,08.19 (수),재입학 등록
2020,2020,8,08.20 (목) ~ 08.21 (금),[1학년•전공심화] 2학기 수강 신청
2020,2020,8,08.20 (목) ~ 08.21 (금),등록금 분할납부(1회차)
2020,2020,8,08.21 (금),후기 학위수여식 15:00
2020,2020,9,09.01 (화),[2020학년도 2학기] 개강
2020,2020,9,09.03 (목) ~ 09.04 (금),수강신청 정정
2020,2020,9,09.08 (화) ~ 09.09 (수),졸업보류 등록
2020,2020,9,09.08 (화) ~ 09.09 (수),등록금 분할납부(2회차)
2020,2020,9,09.14 (월) ~ 09.18 (금),"보강 ⇒ 추석연휴(9.30(수)), 온라인 보강"
2020,2020,9,09.18 (금),복학만료일
2020,2020,9,09.21 (월) ~ 09.25 (금),"보강 ⇒ 추석연휴(10.1(목)), 온라인 보강"
2020,2020,9,09.23 (수) ~ 10.13 (화),수시 1차 모집 원서 접수
2020,2020,9,09.25 (금),노들체전
2020,2020,9,09.30 (수),추석연휴
2020,2020,9,09.30 (수),학기 개시 30일 경과
2020,2020,10,10.01 (목),추석연휴
2020,2020,10,10.02 (금),추석연휴
2020,2020,10,10.03 (토),개천절
2020,2020,10,10.05 (월) ~ 10.08 (목),"보강 ⇒ 추석연휴(10.2(금)), 온라인 보강"
2020,2020,10,10.06 (화) ~ 10.07 (수),등록금 분할납부(3회차)
2020,2020,10,10.09 (금),한글날
2020,2020,10,10.20 (화) ~ 10.22 (목),중간고사
2020,2020,10,10.23 (금),보강일 ⇒ 한글날(10.9(금))
2020,2020,10,10.26 (월) ~ 10.30 (금),중간고사
2020,2020,10,10.30 (금),학기 개시 60일 경과
2020,2020,11,11.03 (화) ~ 11.04 (수),등록금 분할납부(4회차)
2020,2020,11,11.03 (화),수시 1차 모집 합격자 발표
2020,2020,11,11.23 (월) ~ 12.07 (월),수시 2차 모집 원서 접수
2020,2020,11,11.24 (화),"2학기 수업일수 3/4 경과, 일반휴학 종료"
2020,2020,11,11.29 (일),학기 개시 90일 경과
2020,2020,12,12.14 (월) ~ 12.23 (수),기말고사
2020,2020,12,12.24 (목),수시 2차 모집 합격자 발표
2020,2020,12,12.24 (목) ~ 02.28 (일),동계방학
2020,2020,12,12.24 (목) ~ 01.06 (수),강의평가(24(목) ~ 1.6(수) 17:00)
2020,2020,12,12.24 (목) ~ 01.03 (일),성적입력(24(목) ~ 1.3(일) 24:00)
2020,2020,12,12.25 (금),성탄절
2020,2020,12,12.28 (월) ~ 12.30 (수),수시예치금 등록
2020,2021,1,01.01 (금),신정
2020,2021,1,01.04 (월) ~ 01.06 (수),성적열람 및 이의 신청(1월 4일(월) ~ 6(수) 17:00)
2020,2021,1,01.04 (월),시무식 11:00
2020,2021,1,01.06 (수),[2020학년도 2학기] 성적 확정
2020,2021,1,01.07 (목) ~ 01.18 (월),정시모집 원서 접수
2020,2021,1,01.11 (월) ~ 01.13 (수),학점•학기포기 신청
2020,2021,1,01.11 (월) ~ 01.13 (수),복학원서 접수
2020,2021,1,01.15 (금),성적이수표 발송
2020,2021,1,01.20 (수) ~ 01.22 (금),재학생 전과 신청
2020,2021,1,01.20 (수) ~ 01.22 (금),[2021-1학기] 재입학 원서 접수
2020,2021,2,02.03 (수) ~ 02.05 (금),휴학원서 접수
2020,2021,2,02.04 (목),졸업•진급•입학 사정회 [교무위원회] 11:00
2020,2021,2,02.05 (금),정시모집 합격자 발표
2020,2021,2,02.08 (월) ~ 02.10 (수),"수시 1,2차, 정시 신입생 등록"
2020,2021,2,02.10 (수),재입학 등록
2020,2021,2,02.11 (목) ~ 02.13 (토),설날연휴
2020,2021,2,02.15 (월) ~ 02.16 (화),[2•3학년] 1학기 수강 신청
2020,2021,2,02.16 (화) ~ 02.17 (수),재학생•복학생 등록
2020,2021,2,02.18 (목) ~ 02.19 (금),[1학년•전공심화] 1학기 수강 신청
2020,2021,2,02.18 (목) ~ 02.19 (금),등록금 분할납부(1회차)
2020,2021,2,02.19 (금),제52회 학위수여식 11:00
2020,2021,2,02.22 (월),입학 사정회 [교무위원회] 11:00
2020,2021,2,02.26 (금),신입생 입학식 및 O·T
2021,2021,3,03.01 (월),삼일절
2021,2021,3,03.02 (화),[2021학년도 1학기] 개강
2021,2021,3,03.04 (목) ~ 03.05 (금),수강신청 정정
2021,2021,3,03.09 (화) ~ 03.10 (수),등록금 분할납부(2회차)
2021,2021,3,03.09 (화) ~ 03.10 (수),졸업보류 등록
2021,2021,3,03.10 (수) ~ 03.12 (금),조기졸업 신청
2021,2021,3,03.19 (금),복학만료일
2021,2021,3,03.31 (수),학기개시 30일 경과
2021,2021,4,04.06 (화) ~ 04.07 (수),등록금 분할납부(3회차)
2021,2021,4,04.20 (화) ~ 04.29 (목),중간고사
2021,2021,4,04.30 (금),학기개시 60일 경과
2021,2021,4,04.30 (금),보강일 : 어린이날 [5월 5일(수)]
2021,2021,5,05.05 (수),어린이날 ⇒ 보강일 : 4월 30일(금)
2021,2021,5,05.06 (목) ~ 05.07 (금),등록금 분할납부(4회차)
2021,2021,5,05.12 (수) ~ 05.14 (금),3년제 학과 수업연한 연장 신청
2021,2021,5,05.17 (월) ~ 05.18 (화),노들축제
2021,2021,5,05.19 (수),석가탄신일 ⇒ 보강일 : 6월 14일(월)
2021,2021,5,05.20 (목),개교기념일 ⇒ 보강일 : 6월 15일(화)
2021,2021,5,05.27 (목),"1학기 수업일수 3/4 경과, 일반휴학 종료"
2021,2021,5,05.30 (일),학기개시 90일 경과
2021,2021,6,06.06 (일),현충일
2021,2021,6,06.14 (월),보강일 : 석가탄신일 [5월 19일(수)]
2021,2021,6,06.15 (화),보강일 : 개교기념일 [5월 20일(목)]
2021,2021,6,06.16 (수) ~ 06.25 (금),기말고사
2021,2021,6,06.26 (토) ~ 07.04 (일),성적입력 [26(토) ∼ 7월 4일(일) 24:00까지]
2021,2021,6,06.26 (토) ~ 07.07 (수),강의평가 [26(토) ~ 7월 7일(수) 17:00]
2021,2021,6,06.26 (토),하계방학 및 현장실습 [26(토) ~ 8월 31일(화) ]
2021,2021,7,07.05 (월) ~ 07.07 (수),성적열람 및 이의 신청 [5(월) ~ 7(수) 17:00]
2021,2021,7,07.07 (수),[2021학년도 1학기] 성적 확정 18:00
2021,2021,7,07.12 (월) ~ 07.14 (수),학점•학기포기 신청
2021,2021,7,07.19 (월) ~ 07.21 (수),복학원서 접수
2021,2021,7,07.20 (화),성적이수표 발송
2021,2021,7,07.26 (월) ~ 07.28 (수),재학생 전과 신청
2021,2021,7,07.26 (월) ~ 07.28 (수),[2021학년도 2학기] 재입학 원서 접수
2021,2021,8,08.02 (월) ~ 08.04 (수),휴학원서 접수
2021,2021,8,08.06 (금),[교무위원회] 후기 졸업사정회
2021,2021,8,08.12 (목),재입학 등록
2021,2021,8,08.13 (금),후기 학위수여식
2021,2021,8,08.15 (일),광복절
2021,2021,8,08.16 (월),광복절 대체공휴일
2021,2021,8,08.17 (화) ~ 08.18 (수),[2•3학년] 2학기 수강 신청
2021,2021,8,08.17 (화) ~ 08.18 (수),재학생•복학생 등록
2021,2021,8,08.19 (목) ~ 08.20 (금),[1학년•전공심화] 2학기 수강 신청
2021,2021,8,08.19 (목) ~ 08.20 (금),등록금 분할납부(1회차)
2021,2021,9,09.01 (수),[2021학년도 2학기] 개강
2021,2021,9,09.06 (월) ~ 09.07 (화),수강신청 정정
2021,2021,9,09.07 (화) ~ 09.08 (수),졸업보류 등록
2021,2021,9,09.07 (화) ~ 09.08 (수),등록금 분할납부(2회차)
2021,2021,9,09.10 (금),수시 1차 모집 원서 접수 [10(금) ~ 10월 4일(월)]
2021,2021,9,09.17 (금),복학만료일
2021,2021,9,09.20 (월),추석연휴 ⇒ 보강일 : 09.30(목)
2021,2021,9,09.21 (화),추석연휴 ⇒ 보강일 : 12.14(화)
2021,2021,9,09.22 (수),추석연휴 ⇒ 보강일 : 12.08(수)
2021,2021,9,09.24 (금),노들체전
2021,2021,9,09.30 (목),1차 보강기간 ⇒ 보강일 : 12.09(목)
2021,2021,9,09.30 (목),1차 보강 : 추석(9.20(월)) 보강
2021,2021,9,09.30 (목),학기개시 30일 경과
2021,2021,10,10.01 (금),1차 보강 : 개천절 대체공휴일(10.4(월)) 보강
2021,2021,10,10.01 (금),1차 보강기간 ⇒ 보강일 : 12.10(금)
2021,2021,10,10.03 (일),개천절
2021,2021,10,10.04 (월),개천절 대체공휴일 ⇒ 보강일 : 10.01(금)
2021,2021,10,10.05 (화) ~ 10.06 (수),등록금 분할납부(3회차)
2021,2021,10,10.09 (토),한글날
2021,2021,10,10.11 (월),한글날 대체공휴일 ⇒ 보강일 : 12.13(월)
2021,2021,10,10.25 (월),[교무위원회] 입학 사정회 11:00
2021,2021,10,10.26 (화),수시 1차 모집 합격자 발표
2021,2021,10,10.26 (화) ~ 10.29 (금),2021 동양미래EXPO(제39회 학생졸업작품 전시회)
2021,2021,10,10.27 (수) ~ 11.02 (화),중간고사
2021,2021,10,10.30 (토),학기개시 60일 경과
2021,2021,11,11.02 (화) ~ 11.03 (수),등록금 분할납부(4회차)
2021,2021,11,11.08 (월) ~ 11.22 (월),수시 2차 모집 원서 접수
2021,2021,11,11.25 (목),"2학기 수업일수 3/4 경과, 일반휴학 종료"
2021,2021,11,11.29 (월),학기개시 90일 경과
2021,2021,12,12.08 (수),2차 보강 : 추석(09.22(수)) 보강
2021,2021,12,12.09 (목),2차 보강 : 1차 보강기간(09.30(목)) 보강
2021,2021,12,12.10 (금),2차 보강 : 1차 보강기간(10.01(금)) 보강
2021,2021,12,12.13 (월),2차 보강 : 한글날 대체공휴일(10.11(월)) 보강
2021,2021,12,12.13 (월),[교무위원회] 입학 사정회 11:00
2021,2021,12,12.14 (화),수시 2차 모집 합격자 발표
2021,2021,12,12.14 (화),2차 보강 : 추석(9.21(화)) 보강
2021,2021,12,12.15 (수) ~ 12.21 (화),기말고사
2021,2021,12,12.17 (금) ~ 12.20 (월),수시예치금 등록
2021,2021,12,12.22 (수),동계방학 [22(수) ~ 2월 28일(월)]
2021,2021,12,12.22 (수) ~ 12.28 (화),성적입력 [22(수) ~ 28(화) 24:00]
2021,2021,12,12.22 (수) ~ 12.31 (금),강의평가 [22(수) ~ 31(수) 17:00]
2021,2021,12,12.25 (토),성탄절
2021,2021,12,12.29 (수) ~ 12.31 (금),성적열람 및 이의 신청 [29(수) ~ 31(금) 17:00]
2021,2021,12,12.30 (목) ~ 01.12 (수),정시모집 원서 접수
2021,2021,12,12.31 (금),[2021학년도 2학기] 성적 확정 18:00
2021,2022,1,01.01 (토),신정
2021,2022,1,01.03 (월),시무식
2021,2022,1,01.06 (목),성적이수표 발송
2021,2022,1,01.10 (월) ~ 01.12 (수),학점•학기포기 신청
2021,2022,1,01.17 (월) ~ 01.19 (수),복학원서 접수
2021,2022,1,01.19 (수) ~ 01.21 (금),[2022학년도 1학기] 재입학 원서 접수
2021,2022,1,01.19 (수) ~ 01.21 (금),재학생 전과 신청
2021,2022,1,01.31 (월),설날
2021,2022,2,02.01 (화),설날
2021,2022,2,02.02 (수),설날
2021,2022,2,02.04 (금),[교무위원회] 졸업·진급·입학 사정회 11:00
2021,2022,2,02.07 (월) ~ 02.09 (수),휴학원서 접수
2021,2022,2,02.08 (화),정시모집 합격자 발표
2021,2022,2,02.09 (수) ~ 02.11 (금),정시 신입생 등록
2021,2022,2,02.09 (수),재입학 등록
2021,2022,2,02.14 (월) ~ 02.16 (수),정원외 모집 원서 추가접수
2021,2022,2,02.14 (월) ~ 02.15 (화),[2•3학년] 1학기 수강 신청
2021,2022,2,02.15 (화) ~ 02.16 (수),재학생•복학생 등록
2021,2022,2,02.17 (목) ~ 02.18 (금),등록금 분할납부(1회차)
2021,2022,2,02.17 (목) ~ 02.18 (금),[1학년•전공심화] 1학기 수강 신청
2021,2022,2,02.18 (금),제53회 학위수여식 11:00
2021,2022,2,02.21 (월),[교무위원회] 입학 사정회 11:00
2021,2022,2,02.25 (금),신입생 입학식 O.T
2022,2022,3,03.01 (화),삼일절
2022,2022,3,03.02 (수),[2022학년도 1학기] 개강
2022,2022,3,03.07 (월) ~ 03.08 (화),수강신청 정정
2022,2022,3,03.09 (수),대통령 선거 ⇒ 보강일 : 6. 8(수)
2022,2022,3,03.10 (목) ~ 03.11 (금),등록금 분할납부(2회차)
2022,2022,3,03.11 (금),졸업보류 등록
2022,2022,3,03.14 (월) ~ 03.15 (화),조기졸업 신청
2022,2022,3,03.18 (금),복학 만료일
2022,2022,3,03.31 (목) ~ 04.06 (수),1차 강의평가
2022,2022,3,03.31 (목),학기개시 30일 경과
2022,2022,4,04.05 (화) ~ 04.06 (수),등록금 분할납부(3회차)
2022,2022,4,04.21 (목) ~ 04.27 (수),중간고사
2022,2022,4,04.30 (토),학기개시 60일 경과
2022,2022,5,05.01 (일),근로자의 날
2022,2022,5,05.03 (화) ~ 05.04 (수),등록금 분할납부(4회차)
2022,2022,5,05.05 (목),어린이날 ⇒ 보강일 : 6. 9(목)
2022,2022,5,05.08 (일),부처님 오신날
2022,2022,5,05.11 (수) ~ 05.13 (금),3년제 학과 수업연한 연장 신청
2022,2022,5,05.19 (목),노들체전
2022,2022,5,05.20 (금),개교기념일 ⇒ 보강일 : 6. 10(금)
2022,2022,5,05.24 (화),"1학기 수업일수 3/4 경과, 일반휴학 종료"
2022,2022,5,05.30 (월),학기개시 90일 경과
2022,2022,6,06.01 (수),지방선거 ⇒ 보강일 : 6. 14(화)
2022,2022,6,06.06 (월),현충일 ⇒ 보강일 : 6. 13(월)
2022,2022,6,06.08 (수),보강일 : 대통령선거[3. 9(수)] 보강일
2022,2022,6,06.09 (목),보강일 : 어린이날[5. 5(목)] 보강일
2022,2022,6,06.10 (금),보강일 : 개교기념일[5. 20(금)] 보강일
2022,2022,6,06.13 (월),보강일 : 현충일[6. 6(월)] 보강일
2022,2022,6,06.14 (화),보강일 : 지방선거[6. 1(수)] 보강일
2022,2022,6,06.15 (수) ~ 06.21 (화),기말고사
2022,2022,6,06.22 (수),하계방학 및 현장실습[6. 22(수) ~ 8. 31(수)]
2022,2022,6,06.22 (수) ~ 07.01 (금),"강의평가[6. 22(수) ~ 7. 1(금), 17:00]"
2022,2022,6,06.22 (수) ~ 06.28 (화),"성적입력[6. 22(수) ~ 6. 28(화), 24:00까지]"
2022,2022,6,06.29 (수) ~ 07.01 (금),"성적열람 및 이의 신청[6. 29(수) ~ 7. 1(금), 17:00]"
2022,2022,7,07.01 (금),[2022학년도 1학기] 성적 확정 18:00
2022,2022,7,07.04 (월) ~ 07.05 (화),[교내 교과목] 계절학기 수강 신청
2022,2022,7,07.06 (수) ~ 07.07 (목),[교내 교과목] 계절학기 등록
2022,2022,7,07.11 (월) ~ 07.13 (수),학점•학기포기 신청
2022,2022,7,07.11 (월) ~ 07.22 (금),[교내 교과목] 계절학기 설강
2022,2022,7,07.14 (목),성적이수표 발송
2022,2022,7,07.18 (월) ~ 07.20 (수),복학원서 접수
2022,2022,7,07.25 (월) ~ 07.27 (수),[2022학년도 2학기] 재입학 원서 접수
2022,2022,7,07.25 (월) ~ 07.27 (수),재학생 전과 신청
2022,2022,7,07.27 (수),[교내 교과목] 계절학기 성적 확정 15:00
2022,2022,8,08.01 (월) ~ 08.03 (수),휴학원서 접수
2022,2022,8,08.05 (금),[교무위원회] 후기 졸업사정회
2022,2022,8,08.10 (수),재입학 등록
2022,2022,8,08.15 (월),광복절
2022,2022,8,08.16 (화) ~ 08.17 (수),[2•3학년] 2학기 수강 신청
2022,2022,8,08.16 (화) ~ 08.17 (수),재학생•복학생 등록
2022,2022,8,08.18 (목) ~ 08.19 (금),[1학년•전공심화] 2학기 수강 신청
2022,2022,8,08.18 (목) ~ 08.19 (금),등록금 분할납부(1회차)
2022,2022,8,08.19 (금),후기 학위수여식
2022,2022,9,09.01 (목),[2022학년도 2학기] 개강
2022,2022,9,09.06 (화) ~ 09.07 (수),수강신청 정정
2022,2022,9,09.09 (금),추석연휴 ⇒ 보강일 : 12. 9(금)
2022,2022,9,09.10 (토),추석
2022,2022,9,09.12 (월),추석 대체휴무 ⇒ 보강일 : 10. 4(화)
2022,2022,9,09.13 (화) ~ 09.14 (수),등록금 분할납부(2회차)
2022,2022,9,09.13 (화),수시 1차 모집 원서 접수[9. 13(화) ~ 10. 6(목)]
2022,2022,9,09.13 (화),졸업보류 등록
2022,2022,9,09.16 (금),복학 만료일
2022,2022,9,09.22 (목) ~ 09.23 (금),노들축제
2022,2022,9,09.29 (목) ~ 10.05 (수),1차 강의평가
2022,2022,9,09.30 (금),학기개시 30일 경과
2022,2022,10,10.03 (월),개천절 ⇒ 보강일 : 10. 13(목)
2022,2022,10,10.04 (화),보강일 : 추석 대체휴무[9. 12(월)] 보강일
2022,2022,10,10.04 (화) ~ 10.07 (금),2022 동양미래EXPO(제40회 학생졸업작품 전시회)
2022,2022,10,10.05 (수) ~ 10.06 (목),등록금 분할납부(3회차)
2022,2022,10,10.09 (일),한글날
2022,2022,10,10.10 (월),한글날 대체휴무 ⇒ 보강일 : 12. 12(월)
2022,2022,10,10.13 (목),보강일 : 개천절[10. 3(월)] 보강일
2022,2022,10,10.26 (수) ~ 11.01 (화),중간고사
2022,2022,10,10.30 (일),학기개시 60일 경과
2022,2022,10,10.31 (월),[교무위원회] 입학 사정회 11:00
2022,2022,11,11.01 (화),수시 1차 모집 합격자 발표
2022,2022,11,11.01 (화) ~ 11.02 (수),등록금 분할납부(4회차)
2022,2022,11,11.07 (월) ~ 11.21 (월),수시 2차 모집 원서 접수[11. 7(월) ~ 11. 21(월)]
2022,2022,11,11.24 (목),"2학기 수업일수 3/4 경과, 일반휴학 종료"
2022,2022,11,11.29 (화),학기개시 90일 경과
2022,2022,12,12.08 (목),보강일 : [10. 13(목)] 보강일
2022,2022,12,12.09 (금),보강일 : 추석[9. 9(금)] 보강일
2022,2022,12,12.12 (월),[교무위원회] 입학 사정회 11:00
2022,2022,12,12.12 (월),보강일 : 한글날 대체휴무[10. 10(월)] 보강일
2022,2022,12,12.13 (화),보강일 : [10. 4(화)] 보강일
2022,2022,12,12.13 (화),수시 2차 모집 합격자 발표
2022,2022,12,12.14 (수) ~ 12.20 (화),기말고사
2022,2022,12,12.16 (금) ~ 12.19 (월),수시예치금 등록
2022,2022,12,12.21 (수) ~ 12.30 (금),"강의평가[12. 21(수) ~ 12. 30(금), 17:00]"
2022,2022,12,12.21 (수) ~ 12.27 (화),"성적입력[12. 21(수) ~ 12. 27(화), 24:00]"
2022,2022,12,12.21 (수),동계방학[12. 21(수) ~ 2. 28(화)
2022,2022,12,12.25 (일),성탄절
2022,2022,12,12.28 (수) ~ 12.30 (금),"성적열람 및 이의 신청[12. 28(수) ~ 12. 30(금), 17:00]"
2022,2022,12,12.29 (목) ~ 01.12 (목),정시모집 원서 접수[12. 29(목) ~ 1. 12(목)
2022,2022,12,12.30 (금),[2022학년도 2학기] 성적 확정 18:00
2022,2023,1,01.01 (일),신정
2022,2023,1,01.02 (월),시무식
2022,2023,1,01.02 (월) ~ 01.03 (화),[교내 교과목] 계절학기 수강 신청
2022,2023,1,01.04 (수) ~ 01.05 (목),[교내 교과목] 계절학기 등록
2022,2023,1,01.05 (목),성적이수표 발송
2022,2023,1,01.09 (월) ~ 01.20 (금),[교내 교과목] 계절학기 설강
2022,2023,1,01.09 (월) ~ 01.11 (수),학점•학기포기 신청
2022,2023,1,01.16 (월) ~ 01.18 (수),복학원서 접수
2022,2023,1,01.19 (목) ~ 01.20 (금),[2023학년도 1학기] 재입학 원서 접수
2022,2023,1,01.19 (목) ~ 01.20 (금),재학생 전과 신청
2022,2023,1,01.22 (일),설날
2022,2023,1,01.23 (월),설날 연휴
2022,2023,1,01.24 (화),설날 대체휴무
2022,2023,1,01.27 (금),[교내 교과목] 계절학기 성적 확정 15:00
2022,2023,2,02.01 (수) ~ 02.03 (금),휴학원서 접수
2022,2023,2,02.03 (금),[교무위원회] 졸업·진급·입학 사정회 11:00
2022,2023,2,02.06 (월),정시모집 합격자 발표
2022,2023,2,02.07 (화) ~ 02.09 (목),정시 신입생 등록
2022,2023,2,02.08 (수),재입학 등록
2022,2023,2,02.13 (월) ~ 02.15 (수),정원외 모집 원서 추가접수
2022,2023,2,02.13 (월) ~ 02.14 (화),[2•3학년] 1학기 수강 신청
2022,2023,2,02.14 (화) ~ 02.15 (수),재학생•복학생 등록
2022,2023,2,02.16 (목) ~ 02.17 (금),[1학년•전공심화] 1학기 수강 신청
2022,2023,2,02.16 (목) ~ 02.17 (금),등록금 분할납부(1회차)
2022,2023,2,02.17 (금),제54회 학위수여식 11:00
2022,2023,2,02.20 (월),[교무위원회] 입학 사정회 11:00
2022,2023,2,02.24 (금),신입생 입학식 및 O.T
2023,2023,3,03.01 (수),삼일절
2023,2023,3,03.02 (목),[2023학년도 1학기] 개강
2023,2023,3,03.07 (화) ~ 03.08 (수),수강신청 정정
2023,2023,3,03.08 (수) ~ 03.09 (목),등록금 분할납부(2회차)
2023,2023,3,03.09 (목),졸업보류 등록
2023,2023,3,03.15 (수) ~ 03.17 (금),조기졸업 신청
2023,2023,3,03.17 (금),복학 만료일
2023,2023,3,03.30 (목) ~ 04.05 (수),1차 강의평가
2023,2023,3,03.31 (금),학기개시 30일 경과
2023,2023,4,04.05 (수) ~ 04.06 (목),등록금 분할납부(3회차)
2023,2023,4,04.20 (목) ~ 04.26 (수),중간고사
2023,2023,4,04.26 (수) ~ 04.28 (금),3년제 학과 수업연한 연장 신청
2023,2023,4,04.30 (일),학기개시 60일 경과
2023,2023,5,05.01 (월),근로자의 날 ⇒ 보강일 : 6. 8.(목)
2023,2023,5,05.02 (화) ~ 05.03 (수),등록금 분할납부(4회차)
2023,2023,5,05.05 (금),어린이날 ⇒ 보강일 : 6. 9.(금)
2023,2023,5,05.18 (목) ~ 05.19 (금),노들축제
2023,2023,5,05.20 (토),개교기념일
2023,2023,5,05.23 (화),"1학기 수업일수 3/4 경과, 일반휴학 종료"
2023,2023,5,05.27 (토),부처님 오신날
2023,2023,5,05.29 (월),학교 휴무일 ⇒ 보강일 : 6. 12.(월)
2023,2023,5,05.30 (화),학기개시 90일 경과
2023,2023,6,06.06 (화),현충일 ⇒ 보강일 : 6. 13.(화)
2023,2023,6,06.08 (목),보강일 : 근로자의 날[5. 1.(월)] 보강일
2023,2023,6,06.09 (금),보강일 : 어린이날[5. 5.(금)] 보강일
2023,2023,6,06.12 (월),보강일 : 학교 휴무일[5. 29.(월)] 보강일
2023,2023,6,06.13 (화),보강일 : 현충일[6. 6.(화)] 보강일
2023,2023,6,06.14 (수) ~ 06.20 (화),기말고사
2023,2023,6,06.21 (수) ~ 06.30 (금),"2차 강의평가, 17:00"
2023,2023,6,06.21 (수) ~ 06.27 (화),"성적입력 [21(수) ~27(화), 24:00까지]"
2023,2023,6,06.21 (수) ~ 08.31 (목),하계방학 및 현장실습
2023,2023,6,06.28 (수) ~ 06.30 (금),"성적열람 및 이의 신청 [28(수) ~ 30(금), 17:00]"
2023,2023,6,06.30 (금),[2023학년도 1학기] 성적 확정 18:00
2023,2023,7,07.03 (월) ~ 07.04 (화),[교내 교과목] 계절학기 수강 신청
2023,2023,7,07.05 (수) ~ 07.06 (목),[교내 교과목] 계절학기 등록
2023,2023,7,07.10 (월) ~ 07.12 (수),학점•학기포기 신청
2023,2023,7,07.10 (월) ~ 07.21 (금),[교내 교과목] 계절학기 설강
2023,2023,7,07.13 (목),성적이수표 발송
2023,2023,7,07.17 (월) ~ 07.19 (수),복학원서 접수
2023,2023,7,07.24 (월) ~ 07.26 (수),[2023학년도 2학기] 재입학 원서 접수
2023,2023,7,07.24 (월) ~ 07.26 (수),재학생 전과 신청
2023,2023,7,07.26 (수),[교내 교과목] 계절학기 성적 확정 15:00
2023,2023,7,07.31 (월) ~ 08.02 (수),휴학원서 접수
2023,2023,8,08.04 (금),[교무위원회] 후기 졸업사정회
2023,2023,8,08.09 (수),재입학 등록
2023,2023,8,08.15 (화),광복절
2023,2023,8,08.16 (수) ~ 08.17 (목),재학생•복학생 등록
2023,2023,8,08.18 (금),후기 학위수여식
2023,2023,8,08.21 (월) ~ 08.22 (화),[2•3학년] 2학기 수강 신청
2023,2023,8,08.23 (수) ~ 08.24 (목),등록금 분할납부(1회차)
2023,2023,8,08.23 (수) ~ 08.24 (목),[1학년•학사•석사] 2학기 수강 신청
2023,2023,9,09.01 (금),[2023학년도 2학기] 개강
2023,2023,9,09.06 (수) ~ 09.07 (목),수강신청 정정
2023,2023,9,09.06 (수) ~ 09.07 (목),등록금 분할납부(2회차)
2023,2023,9,09.11 (월) ~ 10.05 (목),수시 1차 모집 원서 접수
2023,2023,9,09.11 (월),졸업보류 등록
2023,2023,9,09.15 (금),복학 만료일
2023,2023,9,09.22 (금),노들체전
2023,2023,9,09.28 (목),추석연휴 ⇒ 보강일 : 10. 26.(목)
2023,2023,9,09.29 (금),추석 ⇒ 보강일 : 10. 27.(금)
2023,2023,9,09.30 (토),학기개시 30일 경과
2023,2023,10,10.02 (월),학교 휴무일 ⇒ 보강일 : 10. 23.(월)
2023,2023,10,10.03 (화),개천절 ⇒ 보강일 : 10. 24.(화)
2023,2023,10,10.04 (수) ~ 10.11 (수),1차 강의평가
2023,2023,10,10.04 (수) ~ 10.05 (목),등록금 분할납부(3회차)
2023,2023,10,10.09 (월),한글날 ⇒ 보강일 : 10. 25.(수)
2023,2023,10,10.23 (월),보강일 : 학교 휴무일[10. 2.(월)] 보강일
2023,2023,10,10.24 (화) ~ 10.27 (금),2023 동양미래EXPO(제41회 학생졸업작품 전시회)
2023,2023,10,10.24 (화),보강일 : 개천절[10. 3.(화)] 보강일
2023,2023,10,10.25 (수),보강일 : 한글날[10. 9.(월)] 보강일
2023,2023,10,10.26 (목),보강일 : 추석연휴[9. 28.(목)] 보강일
2023,2023,10,10.27 (금),보강일 : 추석[9. 29.(금)] 보강일
2023,2023,10,10.30 (월) ~ 11.01 (수),3년제 학과 수업연한 연장 신청
2023,2023,10,10.30 (월),[교무위원회] 입학 사정회 11:00
2023,2023,10,10.30 (월),학기개시 60일 경과
2023,2023,10,10.30 (월) ~ 11.03 (금),중간고사
2023,2023,10,10.31 (화),수시 1차 모집 합격자 발표 16:00
2023,2023,11,11.08 (수) ~ 11.09 (목),등록금 분할납부(4회차)
2023,2023,11,11.10 (금) ~ 11.24 (금),수시 2차 모집 원서 접수
2023,2023,11,11.27 (월),"2학기 수업일수 3/4 경과, 일반휴학 종료"
2023,2023,11,11.29 (수),학기개시 90일 경과
2023,2023,12,12.11 (월),[교무위원회] 입학 사정회 11:00
2023,2023,12,12.13 (수),수시 2차 모집 합격자 발표 16:00
2023,2023,12,12.15 (금) ~ 12.21 (목),기말고사
2023,2023,12,12.18 (월) ~ 12.21 (목),수시예치금 등록
2023,2023,12,12.22 (금) ~ 01.03 (수),"2차 강의평가, 17:00"
2023,2023,12,12.22 (금) ~ 12.28 (목),성적입력
2023,2023,12,12.22 (금) ~ 02.29 (목),동계방학
2023,2023,12,12.25 (월),성탄절
2023,2023,12,12.29 (금) ~ 01.03 (수),"성적열람 및 이의 신청, 17:00"
2023,2024,1,01.01 (월),신정
2023,2024,1,01.02 (화),시무식
2023,2024,1,01.03 (수) ~ 01.15 (월),정시모집 원서 접수
2023,2024,1,01.03 (수),[2023학년도 2학기] 성적 확정 18:00
2023,2024,1,01.04 (목) ~ 01.05 (금),[교내 교과목] 계절학기 수강 신청
2023,2024,1,01.08 (월) ~ 01.10 (수),학점•학기포기 신청
2023,2024,1,01.08 (월) ~ 01.09 (화),[교내 교과목] 계절학기 등록
2023,2024,1,01.10 (수) ~ 01.23 (화),[교내 교과목] 계절학기 설강
2023,2024,1,01.11 (목),성적이수표 발송
2023,2024,1,01.15 (월) ~ 01.17 (수),복학원서 접수
2023,2024,1,01.22 (월) ~ 01.24 (수),재학생 전과 신청
2023,2024,1,01.22 (월) ~ 01.24 (수),[2024학년도 1학기] 재입학 원서 접수
2023,2024,1,01.26 (금),"[교내 교과목] 계절학기 성적 확정 ,15:00"
2023,2024,1,01.31 (수) ~ 02.02 (금),휴학원서 접수
2023,2024,2,02.05 (월),[교무위원회] 졸업·진급·입학 사정회 11:00
2023,2024,2,02.06 (화),정시모집 합격자 발표 16:00
2023,2024,2,02.07 (수) ~ 02.13 (화),정시 신입생 등록
2023,2024,2,02.07 (수),재입학 등록
2023,2024,2,02.09 (금),설날 연휴
2023,2024,2,02.12 (월),설날 대체휴무
2023,2024,2,02.14 (수) ~ 02.15 (목),재학생•복학생 등록
2023,2024,2,02.15 (목) ~ 02.19 (월),정원외 모집 원서 추가접수
2023,2024,2,02.16 (금),제55회 학위수여식 11:00
2023,2024,2,02.19 (월) ~ 02.20 (화),[2•3학년] 1학기 수강 신청
2023,2024,2,02.21 (수),[교무위원회] 입학 사정회 11:00
2023,2024,2,02.21 (수) ~ 02.22 (목),등록금 분할납부(1회차)
2023,2024,2,02.21 (수) ~ 02.22 (목),[1학년•학사•석사] 1학기 수강 신청
2023,2024,2,02.22 (목),정원외 모집 합격자 발표 16:00
2024,2024,3,03.01 (금),삼일절
2024,2024,3,03.04 (월),[2024학년도 1학기] 개강
2024,2024,3,03.06 (수) ~ 03.07 (목),등록금 분할납부(2회차)
2024,2024,3,03.07 (목) ~ 03.08 (금),수강신청 정정
2024,2024,3,03.13 (수),졸업보류 등록
2024,2024,3,03.13 (수) ~ 03.15 (금),조기졸업 신청
2024,2024,3,03.22 (금),복학 만료일
2024,2024,4,04.01 (월) ~ 04.07 (일),1차 강의평가
2024,2024,4,04.02 (화),학기개시 후 30일차
2024,2024,4,04.03 (수) ~ 04.04 (목),등록금 분할납부(3회차)
2024,2024,4,04.10 (수),22대 국회의원 선거 ⇒ 보강일 : 5. 14(화)
2024,2024,4,04.22 (월) ~ 04.26 (금),중간고사
2024,2024,4,04.29 (월) ~ 04.30 (화),3년제 학과 수업연한 연장 신청
2024,2024,5,05.01 (수),근로자의 날 ⇒ 보강일 : 6. 12(수)
2024,2024,5,05.02 (목),학기개시 후 60일차
2024,2024,5,05.05 (일),어린이날
2024,2024,5,05.06 (월),어린이날 대체휴일 ⇒ 보강일 : 5. 13(월)
2024,2024,5,05.08 (수) ~ 05.09 (목),등록금 분할납부(4회차)
2024,2024,5,05.13 (월),보강일 : 어린이날 대체휴일[5. 6.(월)] 보강일
2024,2024,5,05.14 (화),보강일 : 22대 국회의원 선거[4. 10.(수)] 보강일
2024,2024,5,05.15 (수),부처님 오신 날 ⇒ 보강일 : 6. 14(금)
2024,2024,5,05.16 (목) ~ 05.17 (금),노들축제
2024,2024,5,05.20 (월),개교기념일 ⇒ 보강일 : 6. 17(월)
2024,2024,5,05.28 (화),"1학기 수업일수 3/4 경과, 일반휴학 종료"
2024,2024,6,06.01 (토),학기개시 후 90일차
2024,2024,6,06.06 (목),현충일 ⇒ 보강일 : 6. 13(목)
2024,2024,6,06.12 (수),보강일 : 근로자의 날[5. 1(수)] 보강일
2024,2024,6,06.13 (목),보강일 : 현충일[6. 6(목)] 보강일
2024,2024,6,06.14 (금),보강일 : 부처님 오신 날[5. 15(수)] 보강일
2024,2024,6,06.17 (월),보강일 : 개교기념일[5. 20(월)] 보강일
2024,2024,6,06.18 (화) ~ 06.24 (월),기말고사
2024,2024,6,06.25 (화) ~ 07.04 (목),"2차 강의평가, 17:00"
2024,2024,6,06.25 (화) ~ 08.31 (토),하계방학 및 현장실습
2024,2024,6,06.25 (화) ~ 07.01 (월),"성적입력 [6. 25(화) ~7. 1(월), 24:00까지]"
2024,2024,7,07.02 (화) ~ 07.04 (목),"성적열람 및 이의 신청 [2(화) ~ 4(목), 17:00]"
2024,2024,7,07.04 (목),[2024학년도 1학기] 성적 확정 18:00
2024,2024,7,07.08 (월) ~ 07.09 (화),계절학기 수강 신청
2024,2024,7,07.08 (월) ~ 07.10 (수),학점•학기포기 신청
2024,2024,7,07.10 (수) ~ 07.11 (목),계절학기 등록
2024,2024,7,07.11 (목),성적이수표 발송
2024,2024,7,07.15 (월) ~ 07.26 (금),계절학기 설강
2024,2024,7,07.15 (월) ~ 07.17 (수),복학원서 접수
2024,2024,7,07.22 (월) ~ 07.24 (수),재학생 전과 신청
2024,2024,7,07.22 (월) ~ 07.24 (수),[2024학년도 2학기] 재입학 원서 접수
2024,2024,7,07.29 (월) ~ 07.31 (수),휴학원서 접수
2024,2024,7,07.31 (수),계절학기 성적 확정 15:00
2024,2024,8,08.06 (화),후기 졸업사정회 11:00
2024,2024,8,08.07 (수),재입학 등록
2024,2024,8,08.15 (목),광복절
2024,2024,8,08.16 (금),후기 학위수여식
2024,2024,8,08.19 (월) ~ 08.20 (화),[2•3학년] 2학기 수강 신청
2024,2024,8,08.21 (수) ~ 08.22 (목),재학생•복학생 등록
2024,2024,8,08.21 (수) ~ 08.22 (목),[1학년•학사•석사] 2학기 수강 신청
2024,2024,8,08.28 (수) ~ 08.29 (목),등록금 분할납부(1회차)
2024,2024,9,09.02 (월),[2024학년도 2학기] 개강
2024,2024,9,09.05 (목) ~ 09.06 (금),수강신청 정정
2024,2024,9,09.09 (월) ~ 10.02 (수),수시 1차 모집 원서 접수
2024,2024,9,09.11 (수) ~ 09.12 (목),등록금 분할납부(2회차)
2024,2024,9,09.16 (월),추석연휴 ⇒ 보강일 : 12. 9(월)
2024,2024,9,09.17 (화),추석 ⇒ 보강일 : 12. 10(화)
2024,2024,9,09.18 (수),추석연휴 ⇒ 보강일 : 10. 25(금)
2024,2024,9,09.20 (금),복학 만료일
2024,2024,9,09.24 (화),졸업보류 등록
2024,2024,10,10.01 (화),국군의 날 ⇒ 보강일 : 12. 16(월)
2024,2024,10,10.01 (화),학기개시 후 30일차
2024,2024,10,10.03 (목),개천절 ⇒ 보강일 : 12. 12(목)
2024,2024,10,10.04 (금) ~ 10.11 (금),1차 강의평가
2024,2024,10,10.04 (금),노들체전
2024,2024,10,10.09 (수),한글날 ⇒ 보강일 : 12. 11(수)
2024,2024,10,10.22 (화) ~ 10.25 (금),2024 동양미래EXPO(제42회 학생졸업작품전시회)
2024,2024,10,10.25 (금),보강일 : 추석연휴[9. 18.(수)] 보강일
2024,2024,10,10.28 (월) ~ 10.30 (수),3년제 학과 수업연한 연장 신청
2024,2024,10,10.28 (월) ~ 11.01 (금),중간고사
2024,2024,10,10.29 (화),입학 사정회 11:00
2024,2024,10,10.30 (수),수시 1차 모집 합격자 발표 16:00
2024,2024,10,10.31 (목),학기개시 후 60일차
2024,2024,11,11.06 (수) ~ 11.07 (목),등록금 분할납부(4회차)
2024,2024,11,11.08 (금) ~ 11.22 (금),수시 2차 모집 원서 접수
2024,2024,11,11.27 (수),"2학기 수업일수 3/4 경과, 일반휴학 종료"
2024,2024,11,11.30 (토),학기개시 후 90일차
2024,2024,12,12.09 (월),보강일 : 추석연휴[9. 16(월)] 보강일
2024,2024,12,12.10 (화),보강일 : 추석[9. 17(화)] 보강일
2024,2024,12,12.10 (화),입학 사정회 11:00
2024,2024,12,12.11 (수),보강일 : 한글날[10. 9(수)] 보강일
2024,2024,12,12.11 (수),수시 2차 모집 합격자 발표 16:00
2024,2024,12,12.12 (목),보강일 : 개천절[10. 3(목)] 보강일
2024,2024,12,12.16 (월),보강일 : 국군의 날[10. 1(화)] 보강일
2024,2024,12,12.16 (월) ~ 12.18 (수),수시예치금 등록
2024,2024,12,12.17 (화) ~ 12.23 (월),기말고사
2024,2024,12,12.24 (화) ~ 02.28 (금),동계방학 및 현장실습
2024,2024,12,12.24 (화) ~ 12.30 (월),"성적입력[24(화) ~ 30(월), 24:00까지]"
2024,2024,12,12.24 (화) ~ 01.03 (금),"2차 강의평가, 17:00"
2024,2024,12,12.25 (수),성탄절
2024,2024,12,12.31 (화) ~ 01.03 (금),"성적열람 및 이의 신청, 17:00"
2024,2024,12,12.31 (화) ~ 01.14 (화),정시모집 원서 접수
2024,2025,1,01.01 (수),신정
2024,2025,1,01.02 (목),시무식
2024,2025,1,01.03 (금),[2024학년도 2학기] 성적 확정 18:00
2024,2025,1,01.04 (토) ~ 01.06 (월),계절학기 수강 신청
2024,2025,1,01.06 (월) ~ 01.08 (수),학점•학기포기 신청
2024,2025,1,01.07 (화) ~ 01.08 (수),계절학기 등록
2024,2025,1,01.09 (목),성적이수표 발송
2024,2025,1,01.09 (목) ~ 01.22 (수),계절학기 설강
2024,2025,1,01.13 (월) ~ 01.15 (수),복학원서 접수
2024,2025,1,01.20 (월) ~ 01.22 (수),재학생 전과 신청
2024,2025,1,01.20 (월) ~ 01.22 (수),[2025학년도 1학기] 재입학 원서 접수
2024,2025,1,01.27 (월),"계절학기 성적 확정 ,15:00"
2024,2025,1,01.28 (화) ~ 01.30 (목),설날 연휴
2024,2025,2,02.03 (월) ~ 02.05 (수),휴학원서 접수
2024,2025,2,02.04 (화),졸업·진급·입학 사정회 11:00
2024,2025,2,02.05 (수),정시모집 합격자 발표 16:00
2024,2025,2,02.05 (수),재입학 등록
2024,2025,2,02.10 (월) ~ 02.12 (수),정시 신입생 등록
2024,2025,2,02.14 (금) ~ 02.18 (화),정원외 모집 원서 추가접수
2024,2025,2,02.17 (월) ~ 02.18 (화),재학생•복학생 등록
2024,2025,2,02.17 (월) ~ 02.18 (화),[2•3학년] 1학기 수강 신청
2024,2025,2,02.19 (수) ~ 02.20 (목),[1학년•학사•석사] 1학기 수강 신청
2024,2025,2,02.19 (수) ~ 02.20 (목),등록금 분할납부(1회차)
2024,2025,2,02.20 (목),입학 사정회 11:00
2024,2025,2,02.20 (목),정원외 모집 합격자 발표 16:00
2024,2025,2,02.21 (금),제56회 학위수여식 11:00
2024,2025,2,02.28 (금),입학식 및 신입생 오리엔테이션
2025,2025,3,03.01 (토),삼일절
2025,2025,3,03.03 (월),삼일절 대체휴일
2025,2025,3,03.04 (화),[2025학년도 1학기] 개강
2025,2025,3,03.07 (금) ~ 03.10 (월),수강신청 정정
2025,2025,3,03.12 (수) ~ 03.14 (금),조기졸업 신청
2025,2025,3,03.12 (수) ~ 03.13 (목),등록금 분할납부(2회차)
2025,2025,3,03.17 (월),"졸업보류, 졸업유예 등록"
2025,2025,3,03.21 (금),복학 만료일
2025,2025,4,04.01 (화) ~ 04.07 (월),1차 강의평가
2025,2025,4,04.02 (수),학기개시 후 30일차
2025,2025,4,04.16 (수) ~ 04.17 (목),등록금 분할납부(3회차)
2025,2025,4,04.22 (화) ~ 04.28 (월),중간고사
2025,2025,4,04.28 (월) ~ 04.29 (화),3년제 학과 수업연한 연장 신청
2025,2025,5,05.01 (목),근로자의 날 ⇒ 보강일: 6/12(목)
2025,2025,5,05.02 (금),학기개시 후 60일차
2025,2025,5,05.05 (월),어린이날 ⇒ 보강일: 6/16(월)
2025,2025,5,05.06 (화),부처님오신날 대체휴일 ⇒ 보강일: 6/10(화)
2025,2025,5,05.14 (수) ~ 05.15 (목),등록금 분할납부(4회차)
2025,2025,5,05.15 (목) ~ 05.16 (금),노들축제
2025,2025,5,05.20 (화),개교기념일 ⇒ 보강일: 5/21(수)
2025,2025,5,05.21 (수),보강일: 개교기념일[5/20(화)] 보강일
2025,2025,5,05.27 (화),"1학기 수업일수 3/4 경과, 일반휴학 종료"
2025,2025,6,06.01 (일),학기개시 후 90일차
2025,2025,6,06.03 (화),임시 공휴일(대통령 선거일)
2025,2025,6,06.06 (금),현충일 ⇒ 보강일: 6/13(금)
2025,2025,6,06.10 (화),보강일: 부처님오신날 대체 휴일[5/6(화)] 보강일
2025,2025,6,06.12 (목),보강일: 근로자의 날[5/1(목)] 보강일
2025,2025,6,06.13 (금),보강일: 현충일[6/6(금)] 보강일
2025,2025,6,06.16 (월),보강일: 어린이날[5/5(월)] 보강일
2025,2025,6,06.17 (화),보강일: 임시공휴일(대통령 선거일)[6/17(화)]
2025,2025,6,06.18 (수) ~ 06.24 (화),기말고사
2025,2025,6,06.25 (수) ~ 07.02 (수),2차 강의평가
2025,2025,6,06.25 (수) ~ 08.31 (일),하계방학 및 현장실습
2025,2025,6,06.25 (수) ~ 06.29 (일),"성적입력 [6/25(수)~6/29(일), 24:00까지]"
2025,2025,6,06.30 (월) ~ 07.02 (수),"성적열람 및 이의 신청 [6/30(월)~7/2(수), 17:00]"
2025,2025,7,07.02 (수),"[2025학년도 1학기] 성적 확정, 18:00"
2025,2025,7,07.07 (월) ~ 07.08 (화),계절학기 수강 신청
2025,2025,7,07.07 (월) ~ 07.09 (수),학점•학기포기 신청
2025,2025,7,07.09 (수) ~ 07.10 (목),계절학기 등록
2025,2025,7,07.10 (목),성적이수표 발송
2025,2025,7,07.14 (월) ~ 07.16 (수),복학원서 접수
2025,2025,7,07.14 (월) ~ 07.25 (금),계절학기 설강
2025,2025,7,07.21 (월) ~ 07.23 (수),재학생 전과 신청
2025,2025,7,07.21 (월) ~ 07.23 (수),[2025학년도 2학기] 재입학 원서 접수
2025,2025,7,07.28 (월) ~ 07.30 (수),휴학원서 접수
2025,2025,7,07.29 (화) ~ 07.30 (수),졸업유예 신청
2025,2025,7,07.30 (수),"계절학기 성적 확정, 15:00"
2025,2025,8,08.05 (화),"후기 졸업사정회, 11:00"
2025,2025,8,08.07 (목),재입학 등록
2025,2025,8,08.12 (화) ~ 08.13 (수),재학생•복학생 등록
2025,2025,8,08.14 (목),후기 학위수여식
2025,2025,8,08.15 (금),광복절
2025,2025,8,08.18 (월) ~ 08.19 (화),[2•3학년] 2학기 수강 신청
2025,2025,8,08.20 (수) ~ 08.21 (목),[1학년•학사•석사] 2학기 수강 신청
2025,2025,8,08.20 (수) ~ 08.21 (목),등록금 분할납부(1회차)
2025,2025,9,09.01 (월),[2025학년도 2학기] 개강
2025,2025,9,09.04 (목) ~ 09.05 (금),수강신청 정정
2025,2025,9,09.08 (월) ~ 09.30 (화),수시 1차 모집 원서 접수
2025,2025,9,09.12 (금),"졸업보류, 졸업유예 등록"
2025,2025,9,09.17 (수) ~ 09.18 (목),등록금 분할납부(2회차)
2025,2025,9,09.19 (금),복학 만료일
2025,2025,9,09.25 (목) ~ 09.26 (금),노들체전
2025,2025,9,09.29 (월) ~ 10.10 (금),1차 강의평가
2025,2025,9,09.30 (화),학기개시 후 30일차
2025,2025,10,10.03 (금),개천절 ⇒ 보강일: 12/12(금)
2025,2025,10,10.06 (월),추석 ⇒ 보강일: 12/8(월)
2025,2025,10,10.07 (화),추석 연휴 ⇒ 보강일: 12/9(화)
2025,2025,10,10.08 (수),추석 대체 휴일 ⇒ 보강일: 12/10(수)
2025,2025,10,10.09 (목),한글날 ⇒ 보강일: 12/11(목)
2025,2025,10,10.15 (수) ~ 10.16 (목),등록금 분할납부(3회차)
2025,2025,10,10.21 (화) ~ 10.24 (금),2025 동양미래EXPO(제43회 학생졸업작품전시회)
2025,2025,10,10.27 (월) ~ 10.29 (수),3년제 학과 수업연한 연장 신청
2025,2025,10,10.27 (월) ~ 10.31 (금),중간고사
2025,2025,10,10.29 (수),"입학 사정회, 11:00"
2025,2025,10,10.30 (목),"수시 1차 모집 합격자 발표, 16:00"
2025,2025,10,10.30 (목),학기개시 후 60일차
2025,2025,11,11.07 (금) ~ 11.21 (금),수시 2차 모집 원서 접수
2025,2025,11,11.12 (수) ~ 11.13 (목),등록금 분할납부(4회차)
2025,2025,11,11.25 (화),"2학기 수업일수 3/4 경과, 일반휴학 종료"
2025,2025,11,11.29 (토),학기개시 후 90일차
2025,2025,12,12.08 (월),보강일: 추석[10/6(월)] 보강일
2025,2025,12,12.09 (화),보강일: 추석 연휴[10/7(화)] 보강일
2025,2025,12,12.10 (수),"입학 사정회, 11:00"
2025,2025,12,12.10 (수),보강일: 추석 대체휴일[10/8(수)] 보강일
2025,2025,12,12.11 (목),보강일: 한글날[10/9(목)] 보강일
2025,2025,12,12.11 (목),"수시 2차 모집 합격자 발표, 16:00"
2025,2025,12,12.12 (금),보강일: 개천절[10/3(금)] 보강일
2025,2025,12,12.15 (월) ~ 12.19 (금),기말고사
2025,2025,12,12.15 (월) ~ 12.17 (수),수시예치금 등록
2025,2025,12,12.20 (토) ~ 12.30 (화),2차 강의평가
2025,2025,12,12.20 (토) ~ 12.24 (수),"성적입력[12/20(토)~12/24(수), 24:00까지]"
2025,2025,12,12.20 (토) ~ 02.28 (토),동계방학 및 현장실습
2025,2025,12,12.25 (목),성탄절
2025,2025,12,12.26 (금) ~ 12.30 (화),"성적열람 및 이의 신청 [12/26(금)~12/30(화), 17:00]"
2025,2025,12,12.29 (월) ~ 01.14 (수),정시모집 원서 접수
2025,2025,12,12.30 (화),"[2025학년도 2학기] 성적 확정, 18:00"
2025,2026,1,01.01 (목),신정
2025,2026,1,01.02 (금),시무식
2025,2026,1,01.05 (월) ~ 01.07 (수),학점•학기포기 신청
2025,2026,1,01.05 (월) ~ 01.06 (화),계절학기 수강 신청
2025,2026,1,01.07 (수) ~ 01.08 (목),계절학기 등록
2025,2026,1,01.08 (목),성적이수표 발송
2025,2026,1,01.12 (월) ~ 01.23 (금),계절학기 설강
2025,2026,1,01.12 (월) ~ 01.14 (수),복학원서 접수
2025,2026,1,01.19 (월) ~ 01.21 (수),[2026학년도 1학기] 재입학 원서 접수
2025,2026,1,01.19 (월) ~ 01.21 (수),재학생 전과 신청
2025,2026,1,01.27 (화) ~ 01.28 (수),졸업유예 신청
2025,2026,1,01.28 (수),"계절학기 성적 확정,15:00"
2025,2026,1,01.30 (금),"입학 사정회, 11:00"
2025,2026,2,02.02 (월),"정시모집 합격자 발표, 16:00"
2025,2026,2,02.02 (월) ~ 02.04 (수),휴학원서 접수
2025,2026,2,02.03 (화) ~ 02.05 (목),신입생 등록
2025,2026,2,02.03 (화),"졸업사정회, 11:00"
2025,2026,2,02.05 (목),재입학 등록
2025,2026,2,02.09 (월) ~ 02.12 (목),정원외 모집 원서 추가접수
2025,2026,2,02.11 (수) ~ 02.12 (목),재학생•복학생 등록
2025,2026,2,02.12 (목) ~ 02.13 (금),[2•3학년] 1학기 수강 신청
2025,2026,2,02.16 (월) ~ 02.18 (수),설날 연휴
2025,2026,2,02.19 (목) ~ 02.20 (금),[1학년•학사•석사] 1학기 수강 신청
2025,2026,2,02.19 (목) ~ 02.20 (금),등록금 분할납부(1회차)
2025,2026,2,02.20 (금),제57회 학위수여식
2025,2026,2,02.23 (월),"입학 사정회, 11:00"
2025,2026,2,02.24 (화),정원외 모집 합격자 발표
2026,2026,3,03.01 (일),삼일절
2026,2026,3,03.02 (월),삼일절 대체휴일
2026,2026,3,03.03 (화),[2026학년도 1학기] 개강
2026,2026,3,03.06 (금) ~ 03.09 (월),수강신청 정정
2026,2026,3,03.11 (수) ~ 03.12 (목),등록금 분할납부(2회차)
2026,2026,3,03.16 (월) ~ 03.18 (수),조기졸업 신청
2026,2026,3,03.16 (월),"졸업보류, 졸업유예 등록"
2026,2026,3,03.20 (금),복학 만료일
2026,2026,3,03.31 (화) ~ 04.06 (월),1차 강의평가
2026,2026,4,04.01 (수),학기개시 후 30일차
2026,2026,4,04.15 (수) ~ 04.16 (목),등록금 분할납부(3회차)
2026,2026,4,04.21 (화) ~ 04.27 (월),중간고사
2026,2026,4,04.27 (월) ~ 04.28 (화),3년제 학과 수업연한 연장 신청
2026,2026,5,05.01 (금),학기개시 후 60일차
2026,2026,5,05.01 (금),근로자의 날 ⇒ 보강일: 6/12(금)
2026,2026,5,05.05 (화),어린이날 ⇒ 보강일: 6/9(화)
2026,2026,5,05.13 (수) ~ 05.14 (목),등록금 분할납부(4회차)
2026,2026,5,05.14 (목) ~ 05.15 (금),노들축제
2026,2026,5,05.20 (수),개교기념일 ⇒ 보강일: 6/4(목)
2026,2026,5,05.24 (일),부처님 오신 날
2026,2026,5,05.25 (월),부처님 오신 날 대체 휴일 ⇒ 보강일: 6/15(월)
2026,2026,5,05.26 (화),"1학기 수업일수 3/4 경과, 일반휴학 종료"
2026,2026,5,05.31 (일),학기개시 후 90일차
2026,2026,6,06.03 (수),제8회 전국동시지방선거 ⇒ 보강일: 6/10(수)
2026,2026,6,06.04 (목),보강일: 개교기념일[5/20(화)] 보강일
2026,2026,6,06.06 (토),현충일
2026,2026,6,06.09 (화),보강일: 어린이날[5/5(화)] 보강일
2026,2026,6,06.10 (수),보강일: 제8회 전국동시지방선거[6/3(수)] 보강일
2026,2026,6,06.12 (금),보강일: 근로자의 날[5/1(금)] 보강일
2026,2026,6,06.15 (월),보강일: 부처님 오신 날 대체 휴일[5/25(월)] 보강일
2026,2026,6,06.16 (화) ~ 06.22 (월),기말고사
2026,2026,6,06.23 (화) ~ 08.24 (월),하계방학 및 현장실습
2026,2026,6,06.23 (화) ~ 06.27 (토),"성적입력 [6/23(화)~6/27(토), 24:00까지]"
2026,2026,6,06.23 (화) ~ 07.01 (수),2차 강의평가
2026,2026,6,06.29 (월) ~ 07.01 (수),"성적열람 및 이의 신청 [6/29(월)~7/1(수), 17:00]"
2026,2026,7,07.01 (수),"[2026학년도 1학기] 성적 확정, 18:00"
2026,2026,7,07.06 (월) ~ 07.08 (수),학점•학기포기 신청
2026,2026,7,07.06 (월) ~ 07.07 (화),계절학기 수강 신청
2026,2026,7,07.08 (수) ~ 07.09 (목),계절학기 등록
2026,2026,7,07.10 (금),성적이수표 발송
2026,2026,7,07.13 (월) ~ 07.15 (수),복학원서 접수
2026,2026,7,07.13 (월) ~ 07.24 (금),계절학기 설강
2026,2026,7,07.20 (월) ~ 07.22 (수),재학생 전과 신청
2026,2026,7,07.20 (월) ~ 07.22 (수),[2026학년도 2학기] 재입학 원서 접수
2026,2026,7,07.27 (월) ~ 07.29 (수),휴학원서 접수
2026,2026,7,07.28 (화) ~ 07.29 (수),졸업유예 신청
2026,2026,7,07.29 (수),"계절학기 성적 확정, 15:00"
2026,2026,8,08.06 (목),재입학 등록
2026,2026,8,08.11 (화) ~ 08.12 (수),[2•3학년] 2학기 수강 신청
2026,2026,8,08.12 (수) ~ 08.13 (목),재학생•복학생 등록
2026,2026,8,08.13 (목) ~ 08.14 (금),[1학년•학사•석사] 2학기 수강 신청
2026,2026,8,08.14 (금),후기 학위수여식
2026,2026,8,08.15 (토),광복절
2026,2026,8,08.17 (월),광복절 대체 휴일
2026,2026,8,08.19 (수) ~ 08.20 (목),등록금 분할납부(1회차)
2026,2026,8,08.25 (화),[2026학년도 2학기] 개강
2026,2026,8,08.28 (금) ~ 08.31 (월),수강신청 정정
2026,2026,9,09.07 (월) ~ 09.30 (수),수시 1차 모집 원서 접수
2026,2026,9,09.11 (금),"졸업보류, 졸업유예 등록"
2026,2026,9,09.11 (금),복학 만료일
2026,2026,9,09.16 (수) ~ 09.17 (목),등록금 분할납부(2회차)
2026,2026,9,09.17 (목),노들체전
2026,2026,9,09.22 (화) ~ 10.02 (금),1차 강의평가
2026,2026,9,09.23 (수),학기개시 후 30일차
2026,2026,9,09.24 (목),추석 연휴 ⇒ 보강일: 10/1(목)
2026,2026,9,09.25 (금),추석 ⇒ 보강일: 10/7(수)
2026,2026,9,09.26 (토),추석 연휴
2026,2026,10,10.01 (목),보강일: 추석 연휴[9/24(목)] 보강일
2026,2026,10,10.03 (토),개천절
2026,2026,10,10.05 (월),개천절 대체 휴일 ⇒ 보강일: 10/6(화)
2026,2026,10,10.06 (화),보강일: 개천절 대체 휴일[10/5(월)] 보강일
2026,2026,10,10.07 (수),보강일: 추석[9/25(금)] 보강일
2026,2026,10,10.09 (금),한글날 ⇒ 보강일: 10/16(금)
2026,2026,10,10.13 (화) ~ 10.16 (금),2026 동양미래EXPO(제44회 학생졸업작품전시회)
2026,2026,10,10.14 (수) ~ 10.15 (목),등록금 분할납부(3회차)
2026,2026,10,10.16 (금),보강일: 한글날[10/9(금)] 보강일
2026,2026,10,10.19 (월) ~ 10.23 (금),중간고사
2026,2026,10,10.23 (금),학기개시 후 60일차
2026,2026,10,10.26 (월) ~ 10.28 (수),3년제 학과 수업연한 연장 신청
2026,2026,10,10.28 (수),"입학 사정회, 11:00"
2026,2026,11,11.03 (화),"수시 1차 모집 합격자 발표, 16:00"
2026,2026,11,11.11 (수) ~ 11.25 (수),수시 2차 모집 원서 접수
2026,2026,11,11.11 (수) ~ 11.12 (목),등록금 분할납부(4회차)
2026,2026,11,11.17 (화),"2학기 수업일수 3/4 경과, 일반휴학 종료"
2026,2026,11,11.22 (일),학기개시 후 90일차
2026,2026,12,12.07 (월) ~ 12.11 (금),기말고사
2026,2026,12,12.12 (토) ~ 12.16 (수),"성적입력[12/12(토)~12/16(수), 24:00까지]"
2026,2026,12,12.12 (토) ~ 12.21 (월),2차 강의평가
2026,2026,12,12.12 (토) ~ 02.28 (일),동계방학 및 현장실습
2026,2026,12,12.16 (수),"입학 사정회, 11:00"
2026,2026,12,12.17 (목) ~ 12.21 (월),"성적열람 및 이의 신청 [12/17(목)~12/21(월), 17:00]"
2026,2026,12,12.17 (목),"수시 2차 모집 합격자 발표, 16:00"
2026,2026,12,12.21 (월),"[2026학년도 2학기] 성적 확정, 18:00"
2026,2026,12,12.21 (월) ~ 12.23 (수),수시예치금 등록
2026,2026,12,12.23 (수) ~ 12.24 (목),계절학기 수강 신청
2026,2026,12,12.25 (금),성탄절
2026,2026,12,12.28 (월) ~ 12.30 (수),학점•학기포기 신청
2026,2026,12,12.29 (화) ~ 12.30 (수),계절학기 등록
2026,2027,1,01.01 (금),신정
2026,2027,1,01.04 (월) ~ 01.20 (수),정시모집 원서 접수
2026,2027,1,01.04 (월),시무식
2026,2027,1,01.04 (월) ~ 01.15 (금),계절학기 설강
2026,2027,1,01.05 (화),성적이수표 발송
2026,2027,1,01.06 (수) ~ 01.08 (금),복학원서 접수
2026,2027,1,01.11 (월) ~ 01.13 (수),[2027학년도 1학기] 재입학 원서 접수
2026,2027,1,01.11 (월) ~ 01.13 (수),재학생 전과 신청
2026,2027,1,01.19 (화) ~ 01.20 (수),졸업유예 신청
2026,2027,1,01.20 (수),"계절학기 성적 확정,15:00"
2026,2027,1,01.25 (월) ~ 01.27 (수),휴학원서 접수
2026,2027,2,02.04 (목),"입학 사정회, 11:00"
2026,2027,2,02.05 (금),"정시모집 합격자 발표, 16:00"
2026,2027,2,02.06 (토),설날 연휴
2026,2027,2,02.07 (일),설날
2026,2027,2,02.08 (월),설날 연휴
2026,2027,2,02.09 (화),설날 연휴 대체 휴일
2026,2027,2,02.10 (수) ~ 02.12 (금),신입생 등록
2026,2027,2,02.12 (금),재입학 등록
2026,2027,2,02.15 (월) ~ 02.17 (수),정원외 모집 원서 추가접수
2026,2027,2,02.15 (월) ~ 02.16 (화),재학생•복학생 등록
2026,2027,2,02.16 (화) ~ 02.17 (수),[2•3학년] 1학기 수강 신청
2026,2027,2,02.17 (수) ~ 02.18 (목),등록금 분할납부(1회차)
2026,2027,2,02.18 (목) ~ 02.19 (금),[1학년•학사•석사] 1학기 수강 신청
2026,2027,2,02.19 (금),제58회 학위수여식
2026,2027,2,02.22 (월),"입학 사정회, 11:00"
2026,2027,2,02.23 (화),정원외 모집 합격자 발표
